Paper_no,First_author,Year,Cohort_type,Cohort_sub,Repeated,Footwear,Number,Sex_Perc_F,Age,Age_SD,Height,Height_SD,Mass,Mass_SD,BMI,BMI_SD,KAM_Peak,KAM_Peak_SD,KAM_1,KAM_1_SD,KAM_2,KAM_2_SD,Units,Model,Walking control,Speed
1,Paterson,2016,MED_KOA,,FOOTWEAR,BF,28,47,63.7,7.6,1.67,0.1,82.6,15.9,29.5,3.7,NA,NA,4.1,1.2,NA,NA,%BW*H,PiG,SS,NA
1,Paterson,2016,MED_KOA,,FOOTWEAR,ATHLETIC_FLEX,28,47,63.7,7.6,1.67,0.1,82.6,15.9,29.5,3.7,NA,NA,4.35,0.45,NA,NA,%BW*H,PiG,SS,NA
1,Paterson,2016,MED_KOA,,FOOTWEAR,DRESS_FLEX,28,47,63.7,7.6,1.67,0.1,82.6,15.9,29.5,3.7,NA,NA,4.36,0.56,NA,NA,%BW*H,PiG,SS,NA
1,Paterson,2016,MED_KOA,,FOOTWEAR,CASUAL_FLEX,28,47,63.7,7.6,1.67,0.1,82.6,15.9,29.5,3.7,NA,NA,4.48,0.43,NA,NA,%BW*H,PiG,SS,NA
1,Paterson,2016,MED_KOA,,FOOTWEAR,ATHLETIC,28,47,63.7,7.6,1.67,0.1,82.6,15.9,29.5,3.7,NA,NA,4.58,0.45,NA,NA,%BW*H,PiG,SS,NA
1,Paterson,2016,MED_KOA,,FOOTWEAR,DRESS,28,47,63.7,7.6,1.67,0.1,82.6,15.9,29.5,3.7,NA,NA,4.6,0.54,NA,NA,%BW*H,PiG,SS,NA
1,Paterson,2016,MED_KOA,,FOOTWEAR,CASUAL,28,47,63.7,7.6,1.67,0.1,82.6,15.9,29.5,3.7,NA,NA,4.84,0.48,NA,NA,%BW*H,PiG,SS,NA
4,Wellsandt,2016,ACLR,MONTH_6,NO,OWN,30,37,30.5,11.1,NA,NA,NA,NA,26.7,4,0.38,0.13,NA,NA,NA,NA,Nm/kg*m,Visual3D,SS,1.6
5,Mahmoudian,2016,MED_KOA,MILD,NO,BF,27,100,72.5,11.9,1.63,0.05,72.5,11.9,27.5,0.7,NA,NA,0.45,NA,0.223,NA,Nm/kg,GroodSun,SS,1.21
5,Mahmoudian,2016,MED_KOA,EST,NO,BF,20,100,69.9,10.9,1.6,0.07,69.9,10.9,27.2,0.8,NA,NA,0.471,NA,0.276,NA,Nm/kg,GroodSun,SS,1.15
5,Mahmoudian,2016,HEALTHY,,NO,BF,24,100,65.7,9.6,1.63,0.06,65.7,9.6,24.8,0.8,NA,NA,0.433,0.115,0.237,0.108,Nm/kg,GroodSun,SS,1.24
7,Krupenevich,2016,HEALTHY,,NO,ATHLETIC,24,50,23,3,1.73,0.09,68.5,13.6,NA,NA,2.25,1.15,NA,NA,NA,NA,%BW*H,Visual3D,SS,1.52
8,Sosdian,2016,KOA,EST,NO,BF,44,55,70,70.2,NA,NA,NA,NA,30.3,4.1,NA,NA,2.8,1.3,NA,NA,%BW*H,BodyBuilder,SS,1.01
8,Sosdian,2016,HEALTHY,,NO,BF,40,50,61.5,6.7,NA,NA,NA,NA,25.3,2.9,NA,NA,2.8,1,NA,NA,%BW*H,BodyBuilder,SS,1.39
9,Schmidt,2016,HOA,,NO,BF,18,39,64.4,7.4,1.71,0.08,80.7,14.4,27.5,3.4,NA,NA,0.58,0.3,0.44,0.21,Nm/kg*m,Custom,SS,1.01
9,Schmidt,2016,HEALTHY,,NO,BF,18,39,60.4,8.9,1.73,0.09,71.5,13.7,23.7,3,NA,NA,0.79,0.2,0.73,0.29,Nm/kg*m,Custom,C,0.97
10,Fenner,2017,TKA,MONTH_25,NO,BF,15,47,66.8,7.4,1.68,0.09,73.3,10.7,25.9,2.8,NA,NA,0.4,0.15,0.38,0.16,Nm/kg,PiG,SS,1.06
10,Fenner,2017,HEALTHY,,NO,BF,17,67,66.6,6.8,1.68,0.08,70.6,8.9,25,2.2,NA,NA,0.45,0.09,0.45,0.1,Nm/kg,PiG,SS,1.06
12,Chiba,2016,HEALTHY,,NO,BF,28,46,23.6,4,1.66,0.09,57.1,7.1,NA,NA,0.36,0.08,NA,NA,NA,NA,Nm/BW*H,SIMM,SS,NA
13,Hall,2016,MED_KOA,KL2,NO,BF,49,51,64.6,8.2,1.67,0.1,81.7,15.9,29,4,NA,NA,3.72,1.23,NA,NA,%BW*H,PiG,SS,1.36
13,Hall,2016,MED_KOA,KL3,NO,BF,52,54,64,7,1.66,0.11,83.5,14.8,30,3.3,NA,NA,4.31,1.17,NA,NA,%BW*H,PiG,SS,1.31
13,Hall,2016,MED_KOA,KL4,NO,BF,63,49,64.3,7.2,1.67,0.11,83.5,14,30,3.6,NA,NA,4.2,1.03,NA,NA,%BW*H,PiG,SS,1.27
14,Lewinson,2016,KOA,,NO,OWN,19,68,59.9,7.4,1.69,0.12,93.3,23.8,32.5,8,NA,NA,68.1,21.6,NA,NA,Nm,KinTrak,NA,NA
14,Lewinson,2016,KOA,,NO,OWN,19,58,59.6,7.7,1.73,0.09,87.6,20.8,29.2,6.7,NA,NA,59.2,18.2,NA,NA,Nm,KinTrak,NA,NA
15,Dessery,2016,KOA,,NO,OWN,18,44,54.5,8.6,1.7,0.09,83.5,9.8,28.9,3.8,NA,NA,0.33,0.086,0.284,0.093,Nm/BW*H,Visual3D,SS,1.4
17,Sawada,2016,HEALTHY,,NO,BF,15,NA,22.8,1.5,1.6,0.1,56.16,10,20.7,1.8,NA,NA,0.56,0.14,NA,NA,Nm/kg,BodyBuilder,SS,NA
18,Resende,2016,KOA,,NO,SANDAL,15,60,67,8.8,1.69,0.07,88.9,20.1,NA,NA,NA,NA,0.641,NA,0.631,NA,Nm/kg,Visual3D,SS,1.15
19,Lee,2016,HEALTHY,,NO,CASUAL,15,100,24.67,3.54,1.62,0.04,54.96,6.67,NA,NA,0.195,3.86,NA,NA,NA,NA,Nm/kg,PiG,SS,NA
22,Grier,2016,AOA,,NO,BF,93,NA,63,NA,1.72,NA,86,NA,NA,NA,0.379,0.16,NA,NA,NA,NA,Nm/kg,Visual3D,SS,0.87
23,Marrocco,2016,STROKE,,NO,BF,9,50,57.7,9.8,NA,NA,NA,NA,30,4.3,NA,NA,2.64,0.98,NA,NA,Nm/BW*H,OrthoTrak,SS,1.06
23,Marrocco,2016,HEALTHY,,NO,BF,17,41,58.3,2.7,NA,NA,NA,NA,26.7,3.2,NA,NA,2.2,0.88,NA,NA,Nm/BW*H,OrthoTrak,SS,1.27
24,Robbins,2016,HEALTHY,,NO,BF,20,30,22,4,1.73,0.09,76.08,18.9,25.16,5.26,NA,NA,0.43,0.05,0.3,0.05,Nm/kg,NA,SS,1.19
25,Rodriguez,2016,KOA,,NO,BF,25,64,64.5,NA,1.7,NA,80.4,NA,NA,NA,NA,NA,0.49,0.22,0.426,0.26,Nm/kg,Visual3D,SS,0.966
28,Ro,2016,HEALTHY,,NO,NA,42,100,64.5,2.7,1.54,0.05,57.8,7.5,24.5,3,2.76,0.59,2.67,0.75,2.08,0.68,%BW*H,Eva,SS,1.112
28,Ro,2016,HEALTHY,,NO,NA,42,0,64.5,2.8,1.68,0.06,69.8,8.3,24.8,2.5,2.18,0.6,2.04,0.63,1.73,0.71,%BW*H,Eva,SS,1.1138
30,Ghosh,2016,HEALTHY,,NO,BF,10,NA,27.8,NA,1.73,NA,70,NA,NA,NA,49.09,4.03,NA,NA,NA,NA,Nm,Weidelhielm,SS,NA
32,Saxby,2016,HEALTHY,,NO,CASUAL,60,42,27.3,5.4,1.75,0.11,69.8,14,NA,NA,0.27,0.124,NA,NA,NA,NA,Nm/kg,EMG_Dr,SS,1.44
33,Liu,2016,HEALTHY,,NO,BF,10,50,58.4,13.1,1.73,0.08,73.5,18.5,NA,NA,0.313,0.036,NA,NA,NA,NA,Nm/kg,Custom,SS,NA
35,Dunphy,2016,HEALTHY,,NO,BF,15,53.3,25,2.65,1.73,0.08,76.7,16.49,25.7,5.06,NA,NA,0.41,0.12,NA,NA,Nm/kg,Custom,SS,1.31
36,Nuesch,2016,HEALTHY,,NO,OWN,15,53,30,8.7,1.77,0.08,70.5,11.7,NA,NA,NA,NA,0.69,0.13,NA,NA,Nm/kg,PiG,SS,1.34
39,Ferrigno,2016,HEALTHY,,NO,BF,20,40,26.8,5.47,1.71,0.07,68.73,9.07,23.55,2.13,NA,NA,1.879,0.608,2.782,0.903,%BW*H,Andriacchi,SS,NA
45,Sritharan,2016,HEALTHY,,NO,BF,25,27,49,7,1.7,0.1,77,15,26.5,4.8,NA,NA,3.623,0.994,3.468,1.052,%BW*H,OpenSim,SS,1.21
46,Khandha,2016,ACLR,,NO,OWN,24,33,32,11,1.7,0.1,88,16,NA,NA,2.426,0.885,NA,NA,NA,NA,%BW*H,Visual3D,SS,1.6
46,Khandha,2016,ACLR,KOA,NO,OWN,9,56,32,13,1.7,0.1,86,21,NA,NA,2.918,0.492,NA,NA,NA,NA,%BW*H,Visual3D,SS,1.5
48,Thorning,2016,MENIS,MONTH_12,NO,BF,17,68,48.6,5.2,NA,NA,NA,NA,28,5.3,NA,NA,2.97,1.4,NA,NA,%BW*H,BodyBuilder,SS,1.38
56,van Egmond,2016,HEALTHY,,NO,BF,10,60,51,13.2,1.74,0.12,76,8.9,NA,NA,NA,NA,0.439,0.133,0.394,0.15,Nm/kg,Custom,SS,1.25
56,van Egmond,2016,LAT_KOA,,SURGERY,BF,12,66,45,3.3,1.76,0.13,81,14,NA,NA,NA,NA,0.006,0.133,0.05,0.122,Nm/kg,Custom,SS,0.95
56,van Egmond,2016,OSTEOTOMY,,SURGERY,BF,12,66,45,3.3,1.76,0.13,81,14,NA,NA,NA,NA,0.204,0.15,0.2,0.15,Nm/kg,Custom,SS,0.93
57,Wahid,2016,HEALTHY,,NO,BF,31,42,69.9,8,1.6,0.1,75,13.4,27.7,3.8,0.559,0.114,NA,NA,NA,NA,Nm/kg,Custom,SS,1.3
57,Wahid,2016,TKA,MONTH_15,NO,BF,45,61,69.5,8.4,1.7,0.1,86.6,17.4,30.5,4.9,0.454,0.096,NA,NA,NA,NA,Nm/kg,Custom,SS,1.3
59,Hart,2016,LAT_KOA,,NO,SANDAL,19,21,37,7,1.72,0.06,80,10,27,3,NA,NA,0.38,0.2,NA,NA,Nm/kg,Custom,SS,1.46
60,Thorlund,2016,MENIS,,NO,BF,23,26,46.2,6.4,1.77,0.073,81.3,11.2,25.8,3.4,3,0.57,NA,NA,NA,NA,%BW*H,NA,SS,1.26
61,Hatfield,2016,MED_KOA,,NO,SANDAL,26,85,64,8,1.61,0.09,70.6,13.8,27.2,4.2,0.43,0.15,NA,NA,NA,NA,Nm/kg,Visual3D,SS,1.18
62,Favre,2016,HEALTHY,,NO,NA,10,50,25.2,2.9,1.71,0.06,63.7,5.9,NA,NA,NA,NA,3.136,0.9,1.945,0.668,%BW*H,BioMove,SS,1.38
64,Robbins,2015,KOA,NON_TRAU,NO,BF,122,30,46,6,1.75,0.09,91.4,16.95,29.64,4.74,3.4,0.9,NA,NA,NA,NA,%BW*H,OrthoTrak,SS,1.08
64,Robbins,2015,KOA,TRAU,NO,BF,93,22,41,9,1.75,0.09,91.97,20.45,29.93,5.6,3,0.94,NA,NA,NA,NA,%BW*H,OrthoTrak,SS,1.13
64,Robbins,2015,ACL_TEAR,,NO,BF,135,41,23,6,1.74,0.09,78.22,18.6,25.85,5.18,2.09,0.6,NA,NA,NA,NA,%BW*H,OrthoTrak,SS,1.13
66,Hall,2015,ACLR,NO_MENIS_PATH,NO,SANDAL,33,45,27.1,6.3,1.76,0.1,77.9,16,25.1,3.5,NA,NA,2.52,1.12,NA,NA,%BW*H,BodyBuilder,SS,1.36
66,Hall,2015,ACLR,MENIS_PATH,NO,SANDAL,34,26,29.2,6,1.75,0.1,78.7,13.5,25.6,3.1,NA,NA,2.54,0.92,NA,NA,%BW*H,BodyBuilder,SS,1.38
67,Ota,2015,HEALTHY,,NO,BF,29,48,21.6,1.1,1.63,0.08,59.7,10.4,NA,NA,NA,NA,58.6,20.4,56.3,17,%BW*LL,NA,C,1.39
68,Ferrigno,2015,HEALTHY,,NO,CASUAL,32,47,26.6,3.6,1.68,0.08,69.6,17.4,24.4,5.1,3.03,0.86,1.74,0.76,2.99,0.88,%BW*H,MotionMonitor,SS,1.31
70,Lee,2015,MED_KOA,,NO,OWN,35,70,57.8,9.8,1.62,0.1,67.9,13.2,25.2,3.8,NA,NA,1.1,0.48,1.2,0.47,%BW*H,NA,SS,0.96
71,O'Connell,2015,MED_KOA,NOPAIN,NO,OWN,18,44,66.1,9.5,1.704,0.059,80,13.9,27.5,4.7,NA,NA,0.65,0.21,0.41,0.25,Nm/kg,Custom,SS,1.3
71,O'Connell,2015,MED_KOA,MILDPAIN,NO,OWN,26,46,62.3,8.3,1.715,0.089,88.9,18,30.3,6.5,NA,NA,0.6,0.19,0.41,0.2,Nm/kg,Custom,SS,1.2
71,O'Connell,2015,MED_KOA,SEVPAIN,NO,OWN,21,62,61.9,8.1,1.683,0.082,91.1,22.2,32.3,7.6,NA,NA,0.62,0.22,0.45,0.21,Nm/kg,Custom,SS,1.2
74,Wellsandt,2015,ACLR,OA,NO,OWN,7,NA,34.67,14.29,NA,NA,75.03,14.52,25.56,4.3,0.172,0.035,NA,NA,NA,NA,Nm/kg*m,Visual3D,SS,1.52
74,Wellsandt,2015,ACLR,NO_OA,NO,OWN,15,NA,33.42,10.85,NA,NA,86.59,19.12,28.13,3.69,0.264,0.083,NA,NA,NA,NA,Nm/kg*m,Visual3D,SS,1.57
75,Erhart-Hledik,2015,MED_KOA,MILD,NO,OWN,35,54,59.2,8.1,NA,NA,NA,NA,27.2,4.3,NA,NA,2.71,0.78,NA,NA,%BW*H,BioMove,SS,1.26
75,Erhart-Hledik,2015,MED_KOA,SEVERE,NO,OWN,35,51,63.1,9.4,NA,NA,NA,NA,26.1,4,NA,NA,3.3,1.02,NA,NA,%BW*H,BioMove,SS,1.26
77,Yamaguchi,2015,HEALTHY,,NO,BF,29,31,28,4,1.66,0.09,59,10,21,2,NA,NA,2.4,0.7,1.6,0.7,%BW*H,NA,SS,NA
78,Brenneman,2015,KOA,,NO,BF,38,100,60.3,6.5,1.63,0.06,78.1,14.8,29.5,5.3,0.42,0.16,NA,NA,NA,NA,Nm/kg,Visual3D,SS,NA
79,Hatfield,2015,MED_KOA,TKA,NO,NA,26,27,60.2,9.3,NA,NA,92.9,13.7,30.9,4.7,NA,NA,3.67,1.11,NA,NA,%BW*H,NA,SS,1.2
79,Hatfield,2015,MED_KOA,,NO,NA,28,32,57.9,7.3,NA,NA,95.4,20.1,31.5,6.2,NA,NA,3.1,0.87,NA,NA,%BW*H,NA,SS,1.3
80,Murray,2015,KOA,,NO,OWN,33,70,NA,NA,1.6992,0.0948,100.08,24.98,34.62,7.99,NA,NA,0.24,0.1,NA,NA,Nm/kg*m,Visual3D,SS,1.22
81,Debbi,2015,MED_KOA,ENDSTAGE,NO,BF,50,56,65.9,8.1,NA,NA,NA,NA,33.5,4.4,NA,NA,3.11,1.47,2.57,1.42,%BW*H,PiG,SS,0.81
83,Trombini-Souza,2015,MED_KOA,,NO,BF,28,100,65,5,1.6,0.1,73.4,13.1,NA,NA,NA,NA,2.42,0.78,NA,NA,%BW*H,Visual3D,SS,NA
83,Trombini-Souza,2015,MED_KOA,,NO,BF,28,100,66,4,1.57,0.07,75.3,10.9,NA,NA,NA,NA,2.24,1.05,NA,NA,%BW*H,Visual3D,SS,NA
85,Marriot,2015,MED_KOA,,SURGERY,BF,33,NA,39.6,9,1.74,0.08,86.4,19,28.3,5.3,NA,NA,2.94,0.67,NA,NA,%BW*H,OrthoTrak,SS,1.13
85,Marriot,2015,ACLR,OSTEO_2Y,SURGERY,BF,33,NA,39.6,9,1.74,0.08,86.4,19,28.3,5.3,NA,NA,1.39,0.6,NA,NA,%BW*H,OrthoTrak,SS,1.13
85,Marriot,2015,ACLR,OSTEO_5Y,SURGERY,BF,33,NA,39.6,9,1.74,0.08,86.4,19,28.3,5.3,NA,NA,1.46,0.6,NA,NA,%BW*H,OrthoTrak,SS,1.13
91,Shimada,2015,MED_KOA,,SURGERY,BF,15,87,74,NA,1.488,NA,59,NA,NA,NA,0.8,0.25,NA,NA,NA,NA,Nm/kg,PiG,SS,0.76
91,Shimada,2015,TKA,MONTH_1,SURGERY,BF,15,87,74,NA,1.488,NA,59,NA,NA,NA,0.56,0.15,NA,NA,NA,NA,Nm/kg,PiG,SS,0.66
91,Shimada,2015,TKA,MONTH_3,SURGERY,BF,15,87,74,NA,1.488,NA,59,NA,NA,NA,0.59,0.12,NA,NA,NA,NA,Nm/kg,PiG,SS,0.82
91,Shimada,2015,TKA,MONTH_6,SURGERY,BF,15,87,74,NA,1.488,NA,59,NA,NA,NA,0.61,0.13,NA,NA,NA,NA,Nm/kg,PiG,SS,0.89
91,Shimada,2015,TKA,MONTH_12,SURGERY,BF,15,87,75,NA,1.488,NA,59,NA,NA,NA,0.67,0.14,NA,NA,NA,NA,Nm/kg,PiG,SS,0.93
94,Maly,2015,MED_KOA,,NO,BF,62,82,61.5,6.2,1.61,0.1,74.1,16,28.2,5.7,0.35,0.17,NA,NA,NA,NA,Nm/kg,Visual3D,SS,NA
95,Lamberg,2015,MED_KOA,,NO,OWN,15,20,55,NA,1.77,NA,110,NA,35,NA,NA,NA,0.63,0.23,0.48,0.19,Nm/kg,Visual3D,SS,1.17
98,Leitch,2015,MED_KOA,,NO,BF,14,14,48,7,1.74,0.08,86.44,14.02,28.66,3.89,3.6,0.85,NA,NA,NA,NA,%BW*H,Cortex,SS,1.13
99,Lewinson,2015,HEALTHY,,NO,ATHLETIC,16,38,24.9,4.3,1.741,0.101,71,14.3,NA,NA,NA,NA,40.2,12.3,NA,NA,Nm,KinTrak,C,1.6
100,Jones,2015,MED_KOA,,FOOTWEAR,BF,70,38.6,60.3,9.6,1.69,0.09,87.3,18.5,30.5,4.9,NA,NA,0.36,0.15,0.33,0.14,Nm/kg,Visual3D,SS,1.04
100,Jones,2015,MED_KOA,,FOOTWEAR,CASUAL,70,38.6,60.3,9.6,1.69,0.09,87.3,18.5,30.5,4.9,NA,NA,0.39,0.16,0.33,0.14,Nm/kg,Visual3D,SS,1.08
101,Al-Khlaifat,2015,MED_KOA,,NO,BF,14,86,61.79,10.42,1.62,0.08,81.07,15.82,30.89,5.05,NA,NA,0.34,0.11,0.25,0.1,Nm/kg,Visual3D,SS,1.02
104,Ogaya,2015,HEALTHY,,NO,BF,18,56,20.7,0.8,1.644,0.089,59.9,8.2,NA,NA,NA,NA,3.62,1.32,3.57,1.17,%BW*H,Custom,SS,1.26
105,Pohl,2015,HEALTHY,,NO,BF,8,0,27,6,1.75,0.11,76.1,10,NA,NA,NA,NA,3,1.1,2.7,0.6,%BW*H,Visual3D,SS,1.34
107,Manal,2015,ACLR,,NO,OWN,10,50,30.1,7.9,1.75,0.08,88.3,15.8,NA,NA,2.66,0.85,NA,NA,NA,NA,%BW*H,Visual3D,SS,1.54
108,Buldt,2015,HEALTHY,,NO,BF,37,51,25.1,4.9,1.733,0.094,70.1,13.6,23.3,3.2,NA,NA,3.45,0.88,2.29,0.63,%BW*H,NA,SS,1.35
108,Buldt,2015,HEALTHY,,NO,BF,30,50,24.2,5.4,1.667,0.1,66.7,14.9,23.7,3,NA,NA,3.2,0.71,2.12,0.67,%BW*H,NA,SS,1.32
108,Buldt,2015,HEALTHY,,NO,BF,30,57,27.2,7.8,1.74,0.1,73.4,14.6,24,2.9,NA,NA,3.47,0.68,2.35,0.45,%BW*H,NA,SS,1.33
113,Cho,2015,KOA,,NO,OWN,12,100,71.2,7,1.56,0.08,65.2,9.1,NA,NA,NA,NA,0.57,0.2,0.49,0.26,Nm/kg,NA,SS,NA
113,Cho,2015,KOA,,NO,OWN,13,100,69.4,3.6,1.532,0.022,62.5,5.2,NA,NA,NA,NA,0.54,0.15,0.47,0.14,Nm/kg,NA,SS,NA
113,Cho,2015,KOA,,NO,OWN,12,100,71.2,3.4,1.535,0.019,63.7,9.1,NA,NA,NA,NA,0.44,0.14,0.52,0.06,Nm/kg,NA,SS,NA
114,Kumar,2015,HEALTHY,,NO,OWN,15,0,27,NA,NA,NA,NA,NA,23,NA,NA,NA,3.8,0.5,2.8,0.5,%BW*H,Visual3D,SS,1.4
114,Kumar,2015,HEALTHY,,NO,OWN,10,100,29,NA,NA,NA,NA,NA,22,NA,NA,NA,3.2,0.6,2.4,0.6,%BW*H,Visual3D,SS,1.4
114,Kumar,2015,KOA,,NO,OWN,29,0,49,NA,NA,NA,NA,NA,25,NA,NA,NA,3.4,0.7,2.3,0.6,%BW*H,Visual3D,SS,1.6
114,Kumar,2015,KOA,,NO,OWN,49,100,51,NA,NA,NA,NA,NA,24,NA,NA,NA,2.7,0.7,1.4,0.5,%BW*H,Visual3D,SS,1.5
114,Kumar,2015,HEALTHY,,NO,OWN,13,0,58,NA,NA,NA,NA,NA,26,NA,NA,NA,3.4,0.4,2.1,0.3,%BW*H,Visual3D,SS,1.5
114,Kumar,2015,HEALTHY,,NO,OWN,16,100,62,NA,NA,NA,NA,NA,24,NA,NA,NA,3.1,0.3,1.7,0.3,%BW*H,Visual3D,SS,1.5
116,Kean,2015,MED_KOA,,NO,BF,99,52,62.5,7.3,NA,NA,NA,NA,29.6,4.1,0.5,0.15,NA,NA,NA,NA,Nm/kg,Custom,SS,1.2
117,Tang,2015,MED_KOA,,NO,NA,25,64,65,8.3,1.565,0.073,62.6,10.4,NA,NA,NA,NA,0.253,0.096,0.23,0.081,Nm/kg,Custom,SS,0.75
117,Tang,2015,HEALTHY,,NO,NA,15,67,64.7,7.3,1.583,0.071,61.5,6.9,NA,NA,NA,NA,0.298,0.083,0.279,0.081,Nm/kg,Custom,SS,0.96
119,Chang,2015,MED_KOA,,NO,OWN,61,76.5,64.2,10,NA,NA,NA,NA,28.4,5.7,1.67,0.85,NA,NA,NA,NA,%BW*H,OrthoTrak,SS,1.2
126,Schween,2015,MED_KOA,,NO,CASUAL,18,44,50,9,1.66,0.06,62,6,26,4,NA,NA,0.854,0.261,NA,NA,Nm/kg,BodyBuilder,SS,1.4
130,Hall,2014,MENIS,,NO,CASUAL,31,26,42.8,5.4,1.758,0.07,81.5,12.3,26.3,3.1,NA,NA,2.61,0.93,NA,NA,%BW*H,Custom,SS,1.36
130,Hall,2014,MENIS,,NO,CASUAL,31,27,43.2,5.6,1.745,0.06,81.1,9.9,26.6,2.9,NA,NA,2.81,0.96,NA,NA,%BW*H,Custom,SS,1.41
131,Titchenal,2014,HEALTHY,,NO,ATHLETIC,14,100,NA,NA,1.68,0.06,57.4,4.6,NA,NA,NA,NA,1.47,0.55,1.49,0.57,%BW*H,BioMove,SS,1.277
132,Lewinson,2014,HEALTHY,,NO,ATHLETIC,14,43,25.1,4.5,1.719,0.088,70,14.9,NA,NA,0.56,0.16,NA,NA,NA,NA,Nm/kg,KinTrak,C,1.6
133,van Den Noort,2014,HEALTHY,,NO,OWN,17,53,28.2,7.6,1.78,0.07,71.6,12.5,NA,NA,NA,NA,2.17,1.03,2.1,0.66,%BW*H,GOAT,SS,1
136,Russell Esposito,2014,HEALTHY,,NO,ATHLETIC,10,NA,28.7,6.1,1.8,0.06,81.4,8.9,NA,NA,NA,NA,0.43,0.1,NA,NA,Nm/kg,Visual3D,SS,1.21
138,Hall,2014,MENIS,,NO,BF,70,13,41.4,5.5,NA,NA,NA,NA,27.2,4.1,NA,NA,2.39,0.98,NA,NA,%BW*H,BodyBuilder,SS,1.37
143,Duivenvoorden,2014,MED_KOA,,NO,NA,42,67,54,7,NA,NA,NA,NA,30,5,51,18,NA,NA,NA,NA,Nm,Custom,SS,1
143,Duivenvoorden,2014,MED_KOA,,NO,NA,38,34,54,7,NA,NA,NA,NA,31,5,55,18,NA,NA,NA,NA,Nm,Custom,SS,1
148,Chehab,2014,MED_KOA,,NO,OWN,16,63,60.1,9.4,NA,NA,NA,NA,28.3,4.5,NA,NA,2.703,1.13,NA,NA,%BW*H,BioMove,SS,1.31
149,Mølgaard,2014,HEALTHY,,NO,ATHLETIC,12,33,31.9,NA,1.75,NA,NA,NA,24,NA,NA,NA,2.674,0.956,1.58,0.814,%BW*H,Visual3D,SS,1.36
152,Dessery,2014,MED_KOA,,NO,OWN,24,42,57.2,8.6,1.68,0.09,89.3,18.7,31.6,5.2,NA,NA,0.321,0.101,0.293,0.118,Nm/kg*H,Visual3D,SS,1.36
153,Schmitz,2014,HEALTHY,,NO,ATHLETIC,30,NA,24,3,1.66,0.05,59.6,7,NA,NA,NA,NA,0.28,0.09,NA,NA,Nm/kg*m,Visual3D,SS,1.31
155,Wang,2014,ACLR,,NO,BF,11,45,28.8,10.3,1.76,0.11,82.7,16.7,27.2,5.2,0.25,0.07,NA,NA,NA,NA,Nm/kg*m,Custom,SS,1.11
155,Wang,2014,ACLR,,NO,BF,10,30,30.3,7.1,1.75,0.08,86.8,17.5,28.1,4.1,0.25,0.07,NA,NA,NA,NA,Nm/kg*m,Custom,SS,1.15
155,Wang,2014,HEALTHY,,NO,BF,20,25,26.3,7.7,1.78,0.14,81.6,15.5,25.4,2.8,0.19,0.05,NA,NA,NA,NA,Nm/kg*m,Custom,SS,1.22
157,Kumar,2014,ACLR,,NO,OWN,9,33,35.8,5.4,NA,NA,NA,NA,23.5,2.5,NA,NA,0.53,0.2,NA,NA,Nm/kg,Visual3D,C,1.33
159,Hsu,2014,HEALTHY,,NO,SANDAL,15,53,22.9,4.9,1.71,0.12,66.5,11.5,NA,NA,NA,NA,0.067,0.016,0.033,0.015,Nm/BW,Visual3D,SS,1.69
160,Calder,2014,KOA,,NO,BF,53,79,61.6,6.3,1.625,0.119,75,16.2,27.9,5.6,0.37,0.17,NA,NA,NA,NA,Nm/kg,Visual3D,SS,1.16
161,Gerbands,2014,HEALTHY,,NO,BF,37,73,43.4,12.2,1.754,0.078,72.1,11.7,NA,NA,0.23,0.06,0.21,0.04,0.18,0.05,Nm/BW*H,Visual3D,SS,1
164,Varma,2014,ACLR,,NO,BF,12,25,30.5,8.68,1.76,0.13,75,11.13,NA,NA,0.237,0.161,NA,NA,NA,NA,Nm/kg*m,Custom,SS,1.17
164,Varma,2014,HEALTHY,,NO,BF,12,25,24.8,8.81,1.73,0.11,71.6,11.2,NA,NA,0.203,0.131,NA,NA,NA,NA,Nm/kg*m,Custom,SS,1.2
165,Ogaya,2014,HEALTHY,,NO,BF,122,75,73.8,6.3,1.539,0.075,51.1,7.4,NA,NA,2.77,1.43,2.58,1.41,2.22,1.35,%BW*H,Custom,SS,1.28
166,Madden,2014,KOA,,FOOTWEAR,BF,30,50,61,7.3,1.67,0.07,79.5,12.7,28.3,3.7,NA,NA,3.56,1.29,NA,NA,%BW*H,PiG,SS,1.31
166,Madden,2014,KOA,,FOOTWEAR,ATHLETIC,30,50,61,7.3,1.67,0.07,79.5,12.7,28.3,3.7,NA,NA,4.04,1.33,NA,NA,%BW*H,PiG,SS,1.33
168,Messier,2014,KOA,,NO,ATHLETIC,157,69,66,6,NA,NA,92.6,13.9,33.4,3.7,NA,NA,30,13,NA,NA,Nm,OrthoTrak,SS,1.2
170,Hunt,2014,MED_KOA,,NO,BF,15,56,64.8,10.4,NA,NA,NA,NA,29.9,6.8,NA,NA,3.45,0.82,2.87,0.92,%BW*H,OrthoTrak,SS,1.14
171,Morgenroth,2014,HEALTHY,,NO,OWN,14,0,55.6,8.23,NA,NA,84.6,3.2,NA,NA,51.8,14.2,NA,NA,NA,NA,Nm,Custom,SS,1.14
174,Tateuchi,2014,MED_KOA,,NO,CASUAL,17,100,63.6,7.9,1.567,0.057,56.5,6.5,23,2.6,NA,NA,0.45,0.08,0.33,0.09,Nm/kg*m,PiG,SS,1.26
176,Bennell,2014,MED_KOA,,NO,BF,50,52,62.7,7.3,1.681,0.092,83.8,13.5,29.6,3.9,3.05,0.9,NA,NA,NA,NA,%BW*H,BodyBuilder,SS,1.21
176,Bennell,2014,MED_KOA,,NO,BF,50,52,62.2,7.4,1.656,0.0101,81.6,15.1,29.7,4.3,3.21,0.88,NA,NA,NA,NA,%BW*H,BodyBuilder,SS,1.19
177,Rutherford,2014,MED_KOA,,NO,OWN,54,30,58,10,1.73,0.08,90.2,18,30.2,4.8,0.58,0.14,NA,NA,NA,NA,Nm/kg,Custom,SS,1.24
182,Petit,2014,HEALTHY,,NO,ATHLETIC,15,13,24,3.7,1.74,0.08,69.1,9.9,22.7,2.2,0.39,0.07,NA,NA,NA,NA,Nm/kg*m,Visual3D,C,1.5
190,Arazpour,2014,MED_KOA,,NO,CASUAL,7,71,62.14,1.67,NA,NA,NA,NA,26.94,1.3,0.55,0.027,NA,NA,NA,NA,Nm/kg,NA,SS,0.9
197,Patterson,2013,ACLR,,NO,BF,17,100,23.7,3.12,1.64,0.05,64.9,9.02,NA,NA,NA,NA,2.86,1.01,NA,NA,%BW*H,Coda-Motion,SS,1.37
197,Patterson,2013,HEALTHY,,NO,BF,17,100,20.8,1.17,1.65,0.06,64.7,7.06,NA,NA,NA,NA,3.89,1.13,NA,NA,%BW*H,Coda-Motion,SS,1.42
198,Fantini Pagani,2013,HEALTHY,,NO,CASUAL,14,0,24,4.8,1.788,0.057,73.7,8,NA,NA,NA,NA,0.658,0.151,0.579,0.149,Nm/kg,Custom,SS,1.44
199,Kutzner,2013,TKA,,FOOTWEAR,BF,9,33,69.9,5.13,1.72,0.04,90.6,12.6,30.6,4.6,2.9,1,,,,,%BW*H,,SS,
199,Kutzner,2013,TKA,,FOOTWEAR,ATHLETIC,9,33,69.9,,,,,,NA,NA,,,,,,,%BW*H,,,
199,Kutzner,2013,TKA,,FOOTWEAR,ATHLETIC,9,33,69.9,,,,,,NA,NA,,,,,,,%BW*H,,,
199,Kutzner,2013,TKA,,FOOTWEAR,DRESS,9,33,69.9,,,,,,NA,NA,,,,,,,%BW*H,,,
199,Kutzner,2013,TKA,,FOOTWEAR,MBT,9,33,69.9,,,,,,NA,NA,,,,,,,%BW*H,,,
202,Blazek,2013,HEALTHY,,NO,NA,28,64,28,3.8,1.71,0.09,64.1,8.9,21.9,1.9,NA,NA,3.08,0.83,NA,NA,%BW*H,Andriacchi,SS,NA
202,Blazek,2013,HEALTHY,,NO,NA,27,59,47,6.5,1.69,0.08,65.2,7.6,22.7,1.7,NA,NA,3.295,0.759,NA,NA,%BW*H,Andriacchi,SS,NA
202,Blazek,2013,HEALTHY,,NO,NA,28,64,28.4,3.6,1.69,0.09,94.6,14.2,33.3,4.6,NA,NA,2.243,0.551,NA,NA,%BW*H,Andriacchi,SS,NA
202,Blazek,2013,HEALTHY,,NO,NA,27,33,45.8,7.2,1.75,0.09,97.1,13.5,31.9,4.4,NA,NA,2.76,0.864,NA,NA,%BW*H,Andriacchi,SS,NA
206,Winby,2013,HEALTHY,,NO,OWN,11,NA,NA,NA,NA,NA,NA,NA,NA,NA,NA,NA,0.5,0.2,NA,NA,Nm/kg,Custom,SS,NA
206,Winby,2013,MENIS,,NO,OWN,17,NA,NA,NA,NA,NA,NA,NA,NA,NA,NA,NA,0.49,0.11,NA,NA,Nm/kg,Custom,SS,NA
208,Ebert,2013,HEALTHY,,NO,ATHLETIC,20,50,28.3,NA,1.75,NA,70.8,NA,22.9,NA,NA,NA,0.301,0.117,0.179,0.057,Nm/kg*m,OpenSim,SS,1.48
209,Jones,2013,HEALTHY,,NO,CASUAL,15,33,30.5,8.6,1.69,0.07,66.9,13.3,NA,NA,NA,NA,0.41,0.116,0.32,0.77,Nm/kg,Visual3D,SS,1.27
211,Teoh,2013,HEALTHY,,NO,ATHLETIC,30,47,22.6,1.9,NA,NA,57.2,7.9,20.68,2.23,NA,NA,4.23,1.01,4.02,1.03,%BW*H,NA,SS,1.13
213,Worsley,2013,KOA,,NO,BF,34,59,64,10,1.67,0.1,85,18,31,5,2.9,1.4,NA,NA,NA,NA,%BW*H,AnyBody,NA,NA
217,Levinger,2013,MED_KOA,,NO,BF,32,50,65.8,7.5,1.688,0.095,85.1,13.6,NA,NA,NA,NA,3.3,1.6,2.8,1.1,%BW*H,PiG,SS,NA
219,Collins,2013,MED_KOA,,NO,OWN,35,54,61.7,9.3,1.709,0.099,81.8,15.6,27.9,4.1,NA,NA,3.72,2.31,2.84,1.43,%BW*H,NA,SS,NA
222,Della Croce,2013,MED_KOA,,NO,OWN,14,43,68,9,1.73,0.07,86.1,14.2,NA,NA,0.82,0.2,NA,NA,NA,NA,Nm/kg,PiG,SS,1.17
224,Caldwell,2013,HEALTHY,,NO,OWN,12,50,21,1.7,1.73,0.08,66.8,7.6,22.4,1.5,NA,NA,0.322,0.097,0.176,0.059,Nm/kg*m,Visual3D,C,1.47
226,Sischek,2013,MED_KOA,,NO,BF,37,22,49.3,7.7,1.77,0.09,93.6,17.2,29.7,4.4,3.4,0.99,3.24,0.91,3.12,0.96,%BW*H,OrthoTrak,SS,1.08
227,Grabowski,2013,HEALTHY,,SPEED,OWN,7,NA,48,7,1.86,0.06,97.7,11.9,NA,NA,NA,NA,0.39,0.13,NA,NA,Nm/kg,Visual3D,C,0.75
227,Grabowski,2013,HEALTHY,,SPEED,OWN,7,NA,48,7,1.86,0.06,97.7,11.9,NA,NA,NA,NA,0.34,0.14,NA,NA,Nm/kg,Visual3D,C,1
227,Grabowski,2013,HEALTHY,,SPEED,OWN,7,NA,48,7,1.86,0.06,97.7,11.9,NA,NA,NA,NA,0.38,0.11,NA,NA,Nm/kg,Visual3D,C,1.25
227,Grabowski,2013,HEALTHY,,SPEED,OWN,7,NA,48,7,1.86,0.06,97.7,11.9,NA,NA,NA,NA,0.44,0.14,NA,NA,Nm/kg,Visual3D,C,1.5
227,Grabowski,2013,HEALTHY,,SPEED,OWN,7,NA,48,7,1.86,0.06,97.7,11.9,NA,NA,NA,NA,0.5,0.15,NA,NA,Nm/kg,Visual3D,C,1.75
228,Motlagh,2013,HEALTHY,,NO,BF,10,100,40.6,4.62,1.54,0.02,62.3,8.43,26.13,3.92,NA,NA,0.13,0.13,0.21,0.11,Nm/BW*H,GroodSun,SS,0.96
228,Motlagh,2013,MED_KOA,MILD,NO,BF,10,100,43.1,3.14,1.59,0.05,73.1,6.33,29.12,3.38,NA,NA,0.08,0.11,0.11,0.13,Nm/BW*H,GroodSun,SS,1.01
228,Motlagh,2013,MED_KOA,MODERATE,NO,BF,6,100,50.33,3.08,1.58,0.04,78.2,1.85,31.34,3.71,NA,NA,0.12,0.11,0.18,0.08,Nm/BW*H,GroodSun,SS,0.88
231,Seeley,2013,HEALTHY,,NO,ATHLETIC,12,50,23,3,1.73,0.09,75,14,NA,NA,27.7,7.9,NA,NA,NA,NA,Nm,Visual3D,SS,1.41
234,van Den Noort,2013,HEALTHY,,SPEED,BF,14,57,23.8,3.9,1.81,0.11,72.7,16.3,NA,NA,NA,NA,3.68,0.94,1.96,1.12,%BW*H,BodyMech,SS,1.37
234,van Den Noort,2013,HEALTHY,,SPEED,BF,14,57,23.8,3.9,1.81,0.11,72.7,16.3,NA,NA,NA,NA,3.61,1.23,2.09,1.23,%BW*H,BodyMech,C,1.17
234,van Den Noort,2013,HEALTHY,,SPEED,BF,14,57,23.8,3.9,1.81,0.11,72.7,16.3,NA,NA,NA,NA,4.87,1.61,2.44,1.31,%BW*H,BodyMech,C,1.59
238,Street,2013,HEALTHY,,NO,BF,15,0,23.8,3.1,1.843,0.094,82.9,16.1,NA,NA,NA,NA,2.042,0.492,2.689,0.515,%BW*H,PiG,SS,NA
239,Shakoor,2013,MED_KOA,,FOOTWEAR,BF,16,44,57,10,NA,NA,NA,NA,NA,NA,3.24,1.24,NA,NA,NA,NA,%BW*H,CFTC,SS,1.11
239,Shakoor,2013,MED_KOA,,FOOTWEAR,OWN,16,44,57,10,NA,NA,NA,NA,NA,NA,3.52,1.34,NA,NA,NA,NA,%BW*H,CFTC,SS,1.12
242,Hunt,2013,MED_KOA,,NO,BF,9,53,66.1,11.3,NA,NA,NA,NA,27,4.5,3.75,0.91,NA,NA,NA,NA,%BW*H,OrthoTrak,SS,1.18
242,Hunt,2013,MED_KOA,,NO,BF,8,53,66.1,11.3,NA,NA,NA,NA,27,4.5,3.38,0.78,NA,NA,NA,NA,%BW*H,OrthoTrak,SS,1.03
243,Longpre,2013,HEALTHY,,NO,BF,20,100,23.2,3.1,NA,NA,63.2,9.7,23.2,3,NA,NA,0.37,0.12,0.2,0.12,Nm/kg,Visual3D,SS,1.24
244,Asay,2013,MED_KOA,,NO,OWN,6,33,62.8,4.9,1.77,0.11,85.6,16.3,NA,NA,NA,NA,2.65,1.96,NA,NA,%BW*H,Custom,SS,1.2
245,Shull,2013,MED_KOA,,NO,OWN,10,40,60,13,1.71,0.09,79,20,26.6,4.7,NA,NA,3.11,1.4,NA,NA,%BW*H,Custom,SS,1.22
252,Harato,2013,MED_KOA,,NO,BF,25,88,71.2,6.5,NA,NA,NA,NA,25.6,3.9,5.27,2.44,NA,NA,NA,NA,%BW*H,Andriacchi,SS,0.71
253,Kang,2013,HEALTHY,,NO,CASUAL,48,50,23.5,2.5,1.7,0.19,70.5,21.5,23.79,4.79,0.38,0.107,NA,NA,NA,NA,Nm/kg,OrthoTrak,SS,1.138
255,Robbins,2013,MED_KOA,,NO,OWN,20,35,57,9,1.73,0.08,94.6,19,31.4,4.2,NA,NA,0.54,0.17,0.39,0.15,Nm/kg,Custom,SS,1.22
256,Jones,2013,MED_KOA,,NO,CASUAL,51,43,59.6,8.9,1.69,0.08,90.3,17.9,31.6,5.07,NA,NA,0.38,NA,NA,NA,Nm/kg,Visual3D,SS,1.14
258,Johnson,2013,KOA,,NO,NA,10,40,60,NA,NA,NA,NA,NA,NA,NA,0.4115,0.12,NA,NA,NA,NA,Nm/kg,OrthoTrak,SS,1
260,Kutzner,2013,TKA,,NO,BF,6,17,69.2,5.6,1.73,0.04,89.7,13.3,29.8,3.38,,,3.4,2.9,,,%BW*H,NA,SS,
261,Bennell,2013,MED_KOA,,FOOTWEAR,BF,30,57,63.3,9.7,NA,NA,NA,NA,28.6,3.6,NA,NA,3.54,1.27,NA,NA,%BW*H,PiG,SS,1.29
261,Bennell,2013,HEALTHY,,FOOTWEAR,BF,30,53,55.3,8.9,NA,NA,NA,NA,28.7,2.6,NA,NA,4.14,1.14,NA,NA,%BW*H,PiG,SS,1.49
261,Bennell,2013,HEALTHY,,FOOTWEAR,BF,30,70,57.3,10.2,NA,NA,NA,NA,21.8,1.8,NA,NA,3.93,0.98,NA,NA,%BW*H,PiG,SS,1.51
261,Bennell,2013,MED_KOA,,FOOTWEAR,ATHLETIC,30,57,63.3,9.7,NA,NA,NA,NA,28.6,3.6,NA,NA,4.02,1.35,NA,NA,%BW*H,PiG,SS,1.29
261,Bennell,2013,HEALTHY,,FOOTWEAR,ATHLETIC,30,53,55.3,8.9,NA,NA,NA,NA,28.7,2.6,NA,NA,4.92,1.37,NA,NA,%BW*H,PiG,SS,1.49
261,Bennell,2013,HEALTHY,,FOOTWEAR,ATHLETIC,30,70,57.3,10.2,NA,NA,NA,NA,21.8,1.8,NA,NA,4.54,1.14,NA,NA,%BW*H,PiG,SS,1.51
262,Barios,2012,MED_KOA,,NO,ATHLETIC,55,49,61.7,8.9,,,,,33.2,7.3,,,0.37,0.11,,,Nm/kg*m,Visual3D,SS,
263,Kumar,2012,HEALTHY,,NO,OWN,12,50,59.5,10.4,NA,NA,81.6,19.2,28.4,5.2,NA,NA,2.35,0.85,1.69,0.88,%BW*H,Visual3D,SS,1.55
263,Kumar,2012,MED_KOA,,NO,OWN,16,50,65.2,9.5,NA,NA,85.1,15.7,28.6,4.3,NA,NA,3.3,1.16,2.7,1.29,%BW*H,Visual3D,SS,1.34
265,Shull,2012,MED_KOA,,NO,OWN,12,42,59.8,12,1.71,0.08,77.7,18,26.5,4.2,NA,NA,3.28,1.37,1.98,1.14,%BW*H,Custom,SS,1.23
266,Zabala,2012,ACLR,,NO,NA,45,42,29.5,6.1,1.72,0.1,74.4,12.4,NA,NA,NA,NA,2.67,0.64,1.65,0.77,%BW*H,Andriacchi,SS,1.38
266,Zabala,2012,HEALTHY,,NO,NA,45,42,30.2,4.68,1.73,0.09,74.2,12.3,NA,NA,NA,NA,2.94,0.73,1.5,0.57,%BW*H,Andriacchi,SS,1.39
267,van Den Noort,2012,KOA,,NO,SANDAL,14,79,61,9.2,1.66,0.11,83.7,14.4,NA,NA,NA,NA,2.64,1.497,2.55,1.518,%BW*H,Custom,SS,NA
270,Freedman,2012,HEALTHY,,SPEED,SANDAL,10,50,23,4.1,1.74,0.08,67.6,10,22.4,2.1,NA,NA,4.2,1.16,NA,NA,%BW*H,Visual3D,SS,1.44
270,Freedman,2012,HEALTHY,,SPEED,SANDAL,10,50,23,4.1,1.74,0.08,67.6,10,22.4,2.1,NA,NA,3.4,0.5,NA,NA,%BW*H,Visual3D,C,1
270,Freedman,2012,HEALTHY,,SPEED,SANDAL,10,50,22.6,1.3,1.77,0.09,84.7,10,26.9,1.3,NA,NA,4.048,0.81,NA,NA,%BW*H,Visual3D,SS,1.35
270,Freedman,2012,HEALTHY,,SPEED,SANDAL,10,50,22.6,1.3,1.77,0.09,84.7,10,26.9,1.3,NA,NA,3.8,0.66,NA,NA,%BW*H,Visual3D,C,1
270,Freedman,2012,HEALTHY,,SPEED,SANDAL,10,50,23.8,5.6,1.72,0.1,101.9,13.6,33,10.5,NA,NA,2.95,1.14,NA,NA,%BW*H,Visual3D,SS,1.21
270,Freedman,2012,HEALTHY,,SPEED,SANDAL,10,50,23.8,5.6,1.72,0.1,101.9,13.6,33,10.5,NA,NA,2.68,1.14,NA,NA,%BW*H,Visual3D,C,1
271,Barrios,2012,MED_KOA,,NO,ATHLETIC,19,NA,61.2,9.4,,,,,30.4,7.1,,,0.376,0.118,,,Nm/kg*m,Visual3D,SS,
271,Barrios,2012,MED_KOA,,NO,ATHLETIC,19,NA,62.6,7.4,,,,,33.6,7.6,,,0.369,0.342,,,Nm/kg*m,Visual3D,SS,
272,Molina Rueda,2012,HEALTHY,,NO,OWN,15,0,47.6,14.05,1.71,0.076,70.7,9.35,NA,NA,NA,NA,0.61,0.12,0.41,0.14,Nm/kg,PiG,SS,1.24
274,Maly,2012,MED_KOA,,NO,BF,31,29,53.2,6.1,1.75,0.1,93.4,16.5,30.6,4.3,0.51,0.13,NA,NA,NA,NA,Nm/kg,OrthoTrak,SS,1.12
274,Maly,2012,HEALTHY,,NO,BF,30,53,33.5,8,1.7,0.09,72.9,14.7,25,4.2,0.42,0.13,NA,NA,NA,NA,Nm/kg,OrthoTrak,SS,1.33
275,Moyer,2012,MED_KOA,,NO,ATHLETIC,16,50,55,7,NA,NA,NA,NA,32,6.2,NA,NA,3.08,1.09,2.99,0.81,%BW*H,OrthoTrak,SS,1.15
276,Hall,2012,HEALTHY,,NO,BF,16,44,26,3,1.73,0.08,69.3,9.4,NA,NA,0.489,0.072,NA,NA,NA,NA,%BW*H,NA,SS,NA
277,Bechard,2012,MED_KOA,,NO,BF,34,35,53.6,9.8,1.74,0.1,88.1,16,28.3,5.4,NA,NA,2.71,0.78,2.88,0.82,%BW*H,OrthoTrak,SS,1.16
278,Westlake,2012,HEALTHY,,NO,SANDAL,10,0,23.3,2.1,1.75,0.08,70.7,6.3,23.4,1.4,NA,NA,33.1,9.4,NA,NA,Nm,Visual3D,SS,1.29
278,Westlake,2012,HEALTHY,,NO,SANDAL,10,100,22,1.4,1.66,0.06,61.7,5,22.4,1.5,NA,NA,29.7,8.8,NA,NA,Nm,Visual3D,SS,1.29
279,Jones,2012,MED_KOA,,NO,CASUAL,40,45,66.3,8.2,1.75,0.13,88.7,15.1,NA,NA,NA,NA,0.55,0.14,0.46,0.12,Nm/kg,Visual3D,SS,1.13
282,Orishimo,2012,HEALTHY,,NO,NA,12,25,32,10,1.74,0.1,75.2,11.2,NA,NA,NA,NA,0.717,0.152,0.503,0.092,Nm/kg,Visual3D,SS,1.3
283,Arazpour,2012,MED_KOA,,NO,NA,12,58.3,59.83,2.48,NA,NA,NA,NA,26.71,1.67,0.54,0.036,NA,NA,NA,NA,Nm/kg,NA,SS,0.91
283,Arazpour,2012,MED_KOA,,NO,NA,12,66.7,58.75,2.22,NA,NA,NA,NA,27.3,1.76,0.56,0.021,NA,NA,NA,NA,Nm/kg,NA,SS,0.9
285,Metcalfe,2012,MED_KOA,,NO,BF,14,65,68.9,NA,NA,NA,NA,NA,30.9,3.9,3.144,0.782,NA,NA,NA,NA,%BW*H,PiG,SS,0.97
297,Debbi,2012,HEALTHY,,NO,CASUAL,10,0,25,2.1,1.78,0.034,74.4,3.9,NA,NA,56.5,NA,NA,NA,NA,NA,Nmm/kg,PiG,SS,1.15
299,Mundermann,2012,HEALTHY,,NO,OWN,19,37,22.8,3.1,1.748,0.097,70.5,16.3,NA,NA,NA,NA,2.23,0.57,NA,NA,%BW*H,NA,SS,1.49
300,Roda,2012,KOA,,NO,OWN,14,NA,67.1,8.6,NA,NA,NA,NA,30.7,4.9,0.4746,0.175,NA,NA,NA,NA,Nm/kg,Custom,SS,NA
301,Webster,2012,ACLR,,SURGERY,BF,16,19,26,6,1.76,0.07,82,11,NA,NA,0.52,0.12,NA,NA,NA,NA,Nm/kg,PiG,SS,1.38
301,Webster,2012,ACLR,,SURGERY,BF,16,19,29.3,6,1.76,0.07,82,11,NA,NA,0.56,0.15,NA,NA,NA,NA,Nm/kg,PiG,SS,1.4
302,Sritharan,2012,HEALTHY,,NO,SANDAL,8,0,26,4,1.78,0.04,70,5,NA,NA,2.8,0.8,NA,NA,NA,NA,%BW*H,Custom,SS,1.5
303,Creaby,2012,HEALTHY,,NO,BF,31,65,63.8,8,1.67,0.09,71.3,12.6,25.5,3.7,3.31,1.06,NA,NA,NA,NA,%BW*H,PiG,SS,1.42
303,Creaby,2012,MED_KOA,,NO,BF,11,45,64.5,7.6,1.63,0.11,83.4,18.9,31.1,3.8,3.12,1,NA,NA,NA,NA,%BW*H,PiG,SS,1.15
303,Creaby,2012,MED_KOA,,NO,BF,22,55,65.1,9.4,1.66,0.1,74.4,16.5,26.8,5,3.21,0.98,NA,NA,NA,NA,%BW*H,PiG,SS,1.28
303,Creaby,2012,MED_KOA,,NO,BF,56,45,64.5,8,1.68,0.08,78.6,14.8,27.9,4.1,3.05,0.97,NA,NA,NA,NA,%BW*H,PiG,SS,1.2
304,Favre,2012,HEALTHY,,NO,NA,28,57,36,14,1.72,0.08,66,12,22,2,NA,NA,2.871,0.829,1.857,0.743,%BW*H,NA,SS,1.4
304,Favre,2012,KOA,MILD,NO,NA,28,54,57,9,1.71,0.07,78,16,27,5,NA,NA,2.564,0.846,1.5,0.692,%BW*H,NA,SS,1.3
304,Favre,2012,KOA,SEVERE,NO,NA,28,50,61,10,1.71,0.08,85,13,29,4,NA,NA,2.948,0.889,2.163,0.978,%BW*H,NA,SS,1.2
305,Kean,2012,KOA,MILD,NO,OWN,87,NA,62.3,7.69,1.65,0.09,75.5,15.3,NA,NA,3.68,0.92,NA,NA,NA,NA,%BW*H,PiG,SS,NA
305,Kean,2012,KOA,SEVERE,NO,OWN,82,NA,65.7,8,1.69,0.09,84.6,15,NA,NA,3.84,0.96,NA,NA,NA,NA,%BW*H,PiG,SS,NA
306,Turpin,2012,MED_KOA,,NO,OWN,16,63,66.9,12.5,NA,NA,NA,NA,27.7,7.3,3.76,1.68,3.54,1.75,1.99,2.66,%BW*H,OrthoTrak,SS,1.22
308,Webster,2011,ACLR,,NO,BF,16,0,27.5,6,1.79,0.08,79.5,7,NA,NA,NA,NA,2.8,0.8,NA,NA,%BW*H,PiG,SS,1.4
308,Webster,2011,ACLR,,NO,BF,16,0,23.8,6,1.79,0.06,79.2,6,NA,NA,NA,NA,2.9,0.6,NA,NA,%BW*H,PiG,SS,1.4
308,Webster,2011,HEALTHY,,NO,BF,16,0,25,5,1.78,0.07,75.9,12,NA,NA,NA,NA,4.1,0.8,NA,NA,%BW*H,PiG,SS,1.5
310,Fantini Pagani,2011,MED_KOA,,NO,OWN,10,80,57.5,7.1,1.68,0.04,78.8,12.2,28,4.3,NA,NA,0.41,0.15,0.38,0.16,Nm/kg,BodyBuilder,SS,NA
312,Orishimo,2011,TKA,,NO,NA,15,53,65,NA,1.71,NA,84,NA,NA,NA,NA,NA,0.533,0.2157,0.4797,0.2284,Nm/kg,Visual3D,SS,0.93
315,van den Noort,2011,KOA,,NO,SANDAL,20,80,61,8.8,1.67,0.12,84,16,30.2,4.2,NA,NA,2.259,1.4006,2.244,1.3705,%BW*H,BodyMech,SS,NA
319,Haim,2011,MED_KOA,,NO,BF,25,100,62,7,1.59,0.056,77.2,9.99,NA,NA,NA,NA,0.71,0.18,0.55,0.15,Nm/kg,PiG,SS,1
321,Erhart-Hledik,2011,MED_KOA,,FOOTWEAR,OWN,32,44,62.8,NA,1.68,NA,78.8,NA,NA,NA,2.8,1.13,NA,NA,NA,NA,%BW*H,Andriacchi,SS,NA
321,Erhart-Hledik,2011,MED_KOA,,FOOTWEAR,ATHLETIC,32,44,62.8,NA,1.68,NA,78.8,NA,NA,NA,2.9,1.13,NA,NA,NA,NA,%BW*H,Andriacchi,SS,NA
321,Erhart-Hledik,2011,MED_KOA,,FOOTWEAR,OWN,23,57,60.5,NA,1.69,NA,77.2,NA,NA,NA,2.8,1.13,NA,NA,NA,NA,%BW*H,Andriacchi,SS,NA
321,Erhart-Hledik,2011,MED_KOA,,FOOTWEAR,ATHLETIC,23,57,60.5,NA,1.69,NA,77.2,NA,NA,NA,2.9,1.13,NA,NA,NA,NA,%BW*H,Andriacchi,SS,NA
323,Foucher,2011,HOA,,NO,NA,26,NA,59,9,NA,NA,NA,NA,27,3,2.8407,1.0377,NA,NA,NA,NA,%BW*H,Andriacchi,SS,NA
323,Foucher,2011,HEALTHY,,NO,NA,25,NA,54,6,NA,NA,NA,NA,28,6,2.0545,0.6604,NA,NA,NA,NA,%BW*H,Andriacchi,SS,NA
324,Simic,2011,MED_KOA,,NO,OWN,23,NA,66.8,10,1.7,0.09,79.6,15,27.5,3.8,NA,NA,3.95,1.7,2.41,1.5,%BW*H,PiG,SS,1.24
326,Hinman,2012,MED_KOA,,NO,OWN,73,62,63.3,8.4,1.67,0.09,77.2,14.5,27.7,3.6,NA,NA,3.82,0.78,NA,NA,%BW*H,PiG,SS,1.26
327,Henriksen,2011,MED_KOA,,NO,BF,137,80,63,5.2,1.66,0.07,102.2,11,37.3,3.6,3.27,0.8,NA,NA,NA,NA,%BW*H,PiG,SS,1.12
329,Zifchock,2011,MED_KOA,,NO,ATHLETIC,15,53,67.8,8.3,1.7,0.1,79.6,8.4,NA,NA,0.5,0.1,NA,NA,NA,NA,Nm/kg,Visual3D,SS,NA
331,Bennell,2011,MED_KOA,,NO,OWN,144,56,64.4,8,NA,NA,NA,NA,28.6,4.5,NA,NA,3.8,0.9,NA,NA,%BW*H,PiG,SS,1.26
332,Leitch,2011,MED_KOA,,NO,ATHLETIC,12,58,48,9,1.72,0.11,90.5,16.8,30.4,4.2,NA,NA,3.07,0.85,NA,NA,%BW*H,OrthoTrak,SS,NA
332,Leitch,2011,HEALTHY,,NO,ATHLETIC,14,71,44,8,1.68,0.09,70.4,13.3,24.9,3.55,NA,NA,2.58,0.7,NA,NA,%BW*H,OrthoTrak,SS,NA
334,Russell,2011,HEALTHY,,NO,ATHLETIC,14,100,26.1,6.9,1.64,0.07,60.1,6.5,22.4,1.2,28.4,7,NA,NA,NA,NA,Nm,Visual3D,SS,1.46
334,Russell,2011,OBESE,,NO,ATHLETIC,14,100,29.3,10.4,1.66,0.07,102.3,17.8,37.2,6.1,47,13.1,NA,NA,NA,NA,Nm,Visual3D,SS,1.36
335,Butler,2011,MED_KOA,,NO,ATHLETIC,15,NA,66.2,7.8,NA,NA,NA,NA,32.2,7.9,0.42,0.083,NA,NA,NA,NA,Nm/kg*m,Visual3D,SS,1.4
335,Butler,2011,LAT_KOA,,NO,ATHLETIC,15,NA,65.7,6.4,NA,NA,NA,NA,30.4,7.5,0.193,0.111,NA,NA,NA,NA,Nm/kg*m,Visual3D,SS,1.4
335,Butler,2011,HEALTHY,,NO,ATHLETIC,15,NA,56.3,10.7,NA,NA,NA,NA,27.8,5.7,0.326,0.078,NA,NA,NA,NA,Nm/kg*m,Visual3D,SS,1.5
336,Murdock,2011,HEALTHY,,NO,OWN,18,NA,25,3,1.7,0.1,71.8,13.3,23.7,3.3,NA,NA,0.4375,NA,0.2031,NA,Nm/kg,Custom,SS,1.26
337,Trombini-Souza,2011,KOA,,FOOTWEAR,BF,21,100,65,5,1.54,0.05,68.9,7.8,NA,NA,NA,NA,2.5,1.53,1.9,1.64,%BW*H,Visual3D,NA,NA
337,Trombini-Souza,2011,HEALTHY,,FOOTWEAR,BF,24,100,65,4,1.57,0.06,64.8,8.4,NA,NA,NA,NA,2.1,0.91,1.4,1.23,%BW*H,Visual3D,NA,NA
337,Trombini-Souza,2011,KOA,,FOOTWEAR,CASUAL,21,100,65,5,1.54,0.05,68.9,7.8,NA,NA,NA,NA,2.9,1.43,2.1,1.59,%BW*H,Visual3D,NA,NA
337,Trombini-Souza,2011,HEALTHY,,FOOTWEAR,CASUAL,24,100,65,4,1.57,0.06,64.8,8.4,NA,NA,NA,NA,2.5,1.04,1.6,1.22,%BW*H,Visual3D,NA,NA
339,Webster,2011,ACLR,,NO,OWN,18,100,27.7,6.8,1.7,0.05,70.7,8,NA,NA,0.38,0.08,NA,NA,NA,NA,Nm/kg*m,PiG,SS,1.39
339,Webster,2011,ACLR,,NO,OWN,18,0,27.4,6.6,1.79,0.06,80.7,13,NA,NA,0.31,0.07,NA,NA,NA,NA,Nm/kg*m,PiG,SS,1.42
340,Abdallah,2011,MED_KOA,,NO,CASUAL,21,100,54.1,7.42,1.57,0.06,84.2,8.75,NA,NA,NA,NA,0.66,0.16,NA,NA,Nm/kg,NA,SS,NA
343,Lind,2013,MED_KOA,,NO,BF,11,0,46,NA,NA,NA,NA,NA,NA,NA,NA,NA,3.9,0.7,3.5,1,%BW*H,PiG,SS,1.22
343,Lind,2013,HEALTHY,,NO,BF,9,0,25,NA,NA,NA,NA,NA,NA,NA,NA,NA,3.6,0.7,2.6,0.9,%BW*H,PiG,SS,1.54
344,Shull,2011,HEALTHY,,NO,OWN,9,33,26.6,4.1,1.756,0.094,67.5,9.6,NA,NA,NA,NA,4.1,0.6,NA,NA,%BW*H,Custom,SS,NA
345,Alnahdi,2011,TKA,MONTH_6,NO,OWN,31,32,70.03,7.6,1.73,0.1,94.46,21.94,31.5,6.3,NA,NA,0.28,0.13,NA,NA,Nm/kg*m,Visual3D,SS,1.27
345,Alnahdi,2011,TKA,MONTH_12,NO,OWN,44,52,63.25,12.4,1.69,0.11,87.73,17.41,30.5,4.5,NA,NA,0.3,0.1,NA,NA,Nm/kg*m,Visual3D,SS,1.31
345,Alnahdi,2011,HEALTHY,,NO,OWN,20,45,62.6,6.5,1.73,0.11,85.11,12.87,28.8,5.1,NA,NA,0.41,0.13,NA,NA,Nm/kg*m,Visual3D,SS,1.43
346,Wheeler,2011,HEALTHY,,NO,OWN,16,31,29,NA,NA,NA,NA,NA,NA,NA,NA,NA,3.98,0.9,NA,NA,%BW*H,Custom,SS,NA
348,Toriyama,2011,MED_KOA,,NO,NA,19,89,68.43,7.83,1.54,0.05,56.02,7.81,23.6,3.04,NA,NA,0.54,0.2,0.48,0.19,Nm/kg,PiG,SS,1.042
349,Kuroyanagi,2011,MED_KOA,,NO,NA,44,88,72,NA,NA,NA,NA,NA,NA,NA,4.15,1.9,NA,NA,NA,NA,%BW*H,Andriacchi,SS,NA
350,Robbins,2011,MED_KOA,MILD,NO,BF,118,25,44.32,10.79,1.75,0.09,89.36,18.63,NA,NA,3.14,0.93,NA,NA,NA,NA,%BW*H,OrthoTrak,SS,1.1
350,Robbins,2011,MED_KOA,SEVERE,NO,BF,115,21,50.01,7.36,1.77,0.09,96.93,18.49,NA,NA,3.32,0.91,NA,NA,NA,NA,%BW*H,OrthoTrak,SS,1.09
357,Hunt,2011,HEALTHY,,NO,OWN,9,66,18.6,0.7,1.71,0.11,65.2,13.8,NA,NA,NA,NA,4.07,1.64,1.89,0.77,%BW*H,PiG,SS,1.42
358,Fantini Pagani,2010,MED_KOA,,NO,OWN,11,73,55.5,5.5,1.71,0.056,79.8,14.3,27.2,3.9,NA,NA,0.52,0.16,0.48,0.17,Nm/kg,Custom,SS,1.45
361,Gaudreault,2010,MED_KOA,,NO,NA,29,76,63.3,8.4,1.6,0.1,80.5,18.3,31,5,NA,NA,2.35,1.19,NA,NA,%BW*H,Custom,SS,NA
366,Foroughi,2010,KOA,,NO,BF,26,NA,66,8,NA,NA,81,12.3,31.4,5.4,NA,NA,2.63,1.26,2.14,1.34,%BW*H,KinTrak,SS,1.2
366,Foroughi,2010,KOA,,NO,BF,28,NA,65,7,NA,NA,84.6,22.8,32.7,8.4,NA,NA,2.43,1.06,1.84,0.94,%BW*H,KinTrak,SS,1.1
370,Linley,2010,MED_KOA,,NO,OWN,40,58,63,10,1.73,0.11,82.3,20,27.4,5.5,NA,NA,0.52,0.15,0.43,0.15,Nm/kg,Visual3D,SS,1
370,Linley,2010,HEALTHY,,NO,OWN,40,58,64,9,1.7,0.09,69.7,11,24,3.2,NA,NA,0.41,0.11,0.29,0.11,Nm/kg,Visual3D,SS,1.12
371,Creaby,2010,MED_KOA,,NO,OWN,180,57,64.1,8.2,,,,,28.5,4.3,3.77,0.94,,,,,%BW*H,PiG,SS,1.26
373,Hunt,2010,MED_KOA,,NO,BF,47,NA,63.5,8.2,,,75.7,12.8,27.5,4.2,39.7,15.9,,,,,Nm,PiG,SS,1.2
374,Ebert,2010,HEALTHY,,NO,NA,27,37,39,12.5,1.75,0.1,77.3,14.2,NA,NA,NA,NA,34.65,8.57,NA,NA,Nm,Custom,SS,1.36
374,Ebert,2010,HEALTHY,,NO,NA,34,38,40.5,13.8,1.76,0.12,82.9,18.1,NA,NA,NA,NA,37.92,14.2,NA,NA,Nm,Custom,SS,1.36
375,Lloyd,2010,HEALTHY,,NO,OWN,8,13,45,13,1.76,0.09,96,15,NA,NA,NA,NA,0.22,0.1,NA,NA,Nm/kg,Visual3D,SS,1.2
378,DeMeo,2010,MED_KOA,,NO,NA,20,30,49.4,NA,NA,NA,NA,NA,NA,NA,4.24,1.21,NA,NA,NA,NA,%BW*H,Custom,SS,NA
380,Bhatnagar,2010,MED_KOA,,NO,NA,30,NA,NA,NA,1.75,0.084,92.17,13.7,NA,NA,NA,NA,2.95,1.52,NA,NA,%BW*H,Custom,SS,NA
381,Dowling,2010,HEALTHY,,NO,OWN,9,33,25.2,5.2,1.76,0.073,70.1,6.2,NA,NA,NA,NA,2.54,0.56,NA,NA,%BW*H,Andriacchi,SS,1.43
384,Thorp,2010,MED_KOA,,NO,NA,6,83,59.7,17.2,NA,NA,NA,NA,30,4.1,2.9,0.8,NA,NA,NA,NA,%BW*H,CFTC,SS,1.18
385,Barrios,2010,HEALTHY,,NO,ATHLETIC,8,13,21.4,1.6,1.75,0.07,71.7,8.8,NA,NA,0.426,0.065,NA,NA,NA,NA,Nm/kg*m,Visual3D,SS,NA
386,Vanwanseele,2010,MED_KOA,,NO,BF,39,NA,64.4,7.6,NA,NA,83.2,19.7,32.2,7.5,2.65,1.09,NA,NA,NA,NA,%BW*H,KinTrak,SS,1.12
386,Vanwanseele,2010,LAT_KOA,,NO,BF,6,NA,68.7,5.4,NA,NA,79.8,10.3,31.2,4.5,0.32,1.44,NA,NA,NA,NA,%BW*H,KinTrak,SS,1.04
387,Moyer,2010,KOA,,NO,BF,487,25.5,46,10,1.8,0.1,90.6,18.3,29.5,5.1,3,1.1,NA,NA,NA,NA,%BW*H,OrthoTrak,SS,1.1
388,Sled,2010,MED_KOA,,NO,NA,40,58,62.98,9.73,1.73,0.11,82.31,20,27.38,5.47,NA,NA,2.97,1.1,NA,NA,%BW*H,Visual3D,SS,1
388,Sled,2010,HEALTHY,,NO,NA,40,58,64.13,9.04,1.7,0.086,69.71,11.03,24.04,3.24,NA,NA,2.47,0.9,NA,NA,%BW*H,Visual3D,SS,1.12
392,Russell,2010,OBESE,,NO,OWN,10,100,25.3,9.8,1.65,0.06,90.5,13.8,33.09,4.22,NA,NA,40.17,13.79,NA,NA,Nm,Visual3D,SS,1.33
392,Russell,2010,HEALTHY,,NO,OWN,10,100,25.3,3.8,1.64,0.07,60.77,6.32,22.66,0.86,NA,NA,31.94,7.68,NA,NA,Nm,Visual3D,SS,1.46
393,Shakoor,2010,MED_KOA,,FOOTWEAR,BF,31,68,57,10,NA,NA,NA,NA,29.3,4.8,2.8,0.7,NA,NA,NA,NA,%BW*H,CFTC,SS,1.1
393,Shakoor,2010,MED_KOA,,FOOTWEAR,CASUAL,31,68,57,10,NA,NA,NA,NA,29.3,4.8,2.8,0.7,NA,NA,NA,NA,%BW*H,CFTC,SS,1.12
394,Dixon,2010,KOA,,NO,NA,37,62,65.6,9.2,1.63,0.09,78.2,11.1,29.5,4.1,3.8,0.93,NA,NA,NA,NA,%BW*H,PiG,C,1.01
395,Sims,2010,KOA,,NO,NA,30,100,60.4,9.81,1.63,0.06,88.82,16.16,33.1,4.68,0.299,0.148,NA,NA,NA,NA,Nm/kg,OrthoTrak,SS,1.11
395,Sims,2010,KOA,,NO,NA,26,0,63.69,9.52,1.75,0.07,108.93,18.44,35.26,4.19,0.424,0.203,NA,NA,NA,NA,Nm/kg,OrthoTrak,SS,1.05
396,Bennell,2010,MED_KOA,,NO,BF,45,51,64.5,9.1,NA,NA,NA,NA,27.5,4.7,3.2,1,NA,NA,NA,NA,%BW*H,PiG,SS,NA
396,Bennell,2010,MED_KOA,,NO,BF,44,55,64.6,7.6,NA,NA,NA,NA,28.4,4.1,2.9,0.9,NA,NA,NA,NA,%BW*H,PiG,SS,NA
403,Bennell,2009,MED_KOA,,NO,OWN,91,51,64.5,7.5,1.67,0.1,81.1,15.6,28.9,4.2,3.72,0.9,NA,NA,NA,NA,%BW*H,PiG,SS,1.27
404,Foroughi,2009,MED_KOA,,NO,BF,17,100,66,8,NA,NA,NA,NA,26,3,2.8,1.12,NA,NA,NA,NA,%BW*H,KinTrak,SS,1.17
404,Foroughi,2009,HEALTHY,,NO,BF,17,100,51,7,NA,NA,NA,NA,25,4,2.22,0.59,NA,NA,NA,NA,%BW*H,KinTrak,SS,1.25
405,Segal,2009,OBESE,,NO,BF,20,95,49.3,5.7,NA,NA,99.7,14.9,36.4,5.4,NA,NA,0.34,0.12,0.16,NA,Nm/kg,Visual3D,SS,1.06
405,Segal,2009,OBESE,,NO,BF,20,70,49.1,4.6,NA,NA,102.2,11.9,35.1,4,NA,NA,0.42,0.18,0.29,NA,Nm/kg,Visual3D,SS,1.2
405,Segal,2009,HEALTHY,,NO,BF,19,89,48.7,3.8,NA,NA,60.6,7.5,22.8,1.8,NA,NA,0.36,0.13,0.26,NA,Nm/kg,Visual3D,SS,1.28
406,Heiden,2009,KOA,,NO,OWN,54,56,65,8,1.7,0.09,81.4,14.2,NA,NA,NA,NA,2.91,1.33,NA,NA,%BW*H,PiG,SS,1.12
406,Heiden,2009,HEALTHY,,NO,OWN,30,63,64,6,1.7,0.09,71.2,13.2,NA,NA,NA,NA,2.7,1.02,NA,NA,%BW*H,PiG,SS,1.1
407,Fantini Pagani,2009,HEALTHY,,NO,ATHLETIC,16,0,26.7,3.9,1.785,0.073,74.3,8.6,NA,NA,NA,NA,0.7,0.19,0.59,0.14,Nm/kg,BodyBuilder,SS,1.6
408,Robbins,2009,HEALTHY,,NO,BF,32,56,32,8,1.7,0.09,71.77,14.89,24.77,4.22,30.05,10.97,NA,NA,NA,NA,Nm,OrthoTrak,SS,1.39
409,Barrios,2009,HEALTHY,,NO,ATHLETIC,37,13.5,23.6,4,1.78,0.09,76.9,18,NA,NA,0.34,0.07,NA,NA,NA,NA,Nm/kg*m,Visual3D,C,1.46
412,Winby,2009,HEALTHY,,NO,OWN,11,NA,44,6.9,NA,NA,NA,NA,NA,NA,NA,NA,1.5161,0.7195,1.0364,0.4882,%BW*H,Custom,SS,NA
413,Segal,2009,MED_KOA,,NO,BF,14,72.4,51.9,8.3,1.66,0.078,NA,NA,32.8,7.6,NA,NA,0.39,0.14,NA,NA,Nm/kg,NA,SS,NA
415,Birmingham,2009,MED_KOA,,NO,BF,120,20.3,47.48,9.53,1.75,0.09,90.54,16.6,29.5,4.82,NA,NA,2.99,0.92,2.37,1.08,%BW*H,OrthoTrak,SS,1.1
417,Henrikson,2009,HEALTHY,,NO,BF,15,60,24.8,6.1,1.74,0.08,65.8,11.1,NA,NA,0.5518,0.0078,NA,NA,NA,NA,Nm/kg,PiG,SS,NA
418,Butler,2009,MED_KOA,,NO,ATHLETIC,30,56,63.1,6.8,NA,NA,NA,NA,33.8,6.9,0.369,0.132,NA,NA,NA,NA,Nm/kg*m,Visual3D,SS,NA
423,Zeni,2009,HEALTHY,,NO,OWN,22,NA,59,11,1.65,0.05,68.81,9.5,25.1,3.8,0.3774,0.1094,NA,NA,NA,NA,Nm/kg,OrthoTrak,SS,1.22
423,Zeni,2009,MED_KOA,MOD,NO,OWN,21,NA,63,9.3,1.66,0.08,81.19,12.5,29.24,4.1,0.4038,0.2038,NA,NA,NA,NA,Nm/kg,OrthoTrak,SS,1.13
423,Zeni,2009,MED_KOA,SEVERE,NO,OWN,13,NA,59,9.8,1.7,0.11,94.69,15,30.54,5.2,0.4717,0.1736,NA,NA,NA,NA,Nm/kg,OrthoTrak,SS,1.03
426,Teichtahl,2009,HEALTHY,,NO,BF,17,76,41.3,8.8,1.7,0.1,68.1,4.4,24.6,5.7,NA,NA,4.1,1.2,2.32,0.82,%BW*H,PiG,SS,1.39
427,Kean,2009,MED_KOA,,NO,BF,21,90.5,38.9,7.1,1.781,0.084,89.2,14,28.1,4.2,2.88,0.57,2.6,0.8,2.4,0.7,%BW*H,OrthoTrak,SS,1.13
432,Milner,2008,TKA,MONTH_28,NO,SANDAL,16,50,61,7,1.71,0.1,87.5,15.1,NA,NA,NA,NA,4.7,0.8,NA,NA,%BW*H,Visual3D,SS,1.25
432,Milner,2008,HEALTHY,,NO,SANDAL,16,50,63,7,1.7,0.09,72.5,13.9,NA,NA,NA,NA,4.5,1.3,NA,NA,%BW*H,Visual3D,SS,1.42
434,Haim,2008,HEALTHY,,NO,CASUAL,12,0,25.7,2.13,1.77,0.038,73.3,4.87,NA,NA,NA,NA,0.66,0.22,0.5,0.22,Nm/kg,PiG,SS,1.13
435,Erhart,2008,HEALTHY,,NO,ATHLETIC,15,60,28.6,4,1.67,0.1,62.8,9.8,NA,NA,NA,NA,2.23,0.52,NA,NA,%BW*H,NA,SS,1.4
437,Harato,2008,HEALTHY,,NO,BF,10,100,62,NA,NA,NA,NA,NA,NA,NA,2.9,0.91,NA,NA,NA,NA,%BW*H,NA,SS,1.19
438,Shakoor,2008,MED_KOA,,FOOTWEAR,BF,28,86,59,9,1.7,0.1,80,17,28.7,5.1,2.39,0.82,NA,NA,NA,NA,%BW*H,NA,SS,1.14
438,Shakoor,2008,MED_KOA,,FOOTWEAR,OWN,28,86,59,9,1.7,0.1,80,17,28.7,5.1,2.71,0.84,NA,NA,NA,NA,%BW*H,NA,SS,1.17
438,Shakoor,2008,MED_KOA,,NO,BF,20,80,57,9,1.7,0.1,83,16,29.6,4.7,2.71,0.67,NA,NA,NA,NA,%BW*H,NA,SS,1.08
440,Erhart,2008,MED_KOA,,NO,ATHLETIC,79,47,60.2,9.8,1.69,0.08,79.2,13.5,NA,NA,2.74,0.95,NA,NA,NA,NA,%BW*H,NA,SS,1.17
442,King,2008,MED_KOA,,NO,BF,14,14,48.4,6.5,1.771,0.077,92.4,14.2,29.3,3.3,3.3,0.72,NA,NA,NA,NA,%BW*H,OrthoTrak,SS,1.12
443,Lim,2008,MED_KOA,MAL_ALIGN,NO,OWN,26,50,67.2,6.7,1.67,0.1,78.7,13,28.2,3.7,4.28,0.63,NA,NA,NA,NA,%BW*H,NA,SS,1.18
443,Lim,2008,MED_KOA,NEUT_ALIGN,NO,OWN,27,63,64.1,9.3,1.65,0.1,79.2,15.9,29,5.2,3.58,0.94,NA,NA,NA,NA,%BW*H,NA,SS,1.22
443,Lim,2008,MED_KOA,MAL_ALIGN,NO,OWN,26,46,66.6,8.9,1.66,0.08,83.4,16.6,30.3,5.3,3.97,0.57,NA,NA,NA,NA,%BW*H,NA,SS,1.19
443,Lim,2008,MED_KOA,NEUT_ALIGN,NO,OWN,28,61,60.8,7.8,1.64,0.11,76.6,15.6,28.4,5,3.91,1.01,NA,NA,NA,NA,%BW*H,NA,SS,1.22
445,Davies-Tuck,2008,HEALTHY,,NO,BF,20,100,60.7,5.5,NA,NA,NA,NA,25.3,4.2,NA,NA,4,0.9,2.2,0.7,%BW*H,PiG,SS,NA
446,Sturnieks,2008,MENIS,NORMAL,NO,OWN,75,NA,38.7,7.6,1.78,0.07,82.4,16,NA,NA,NA,NA,28.5,9.5,26,9.5,Nm,Custom,SS,1.52
446,Sturnieks,2008,MENIS,WEAK,NO,OWN,27,NA,42.7,5.9,1.72,0.08,85.3,16.1,NA,NA,NA,NA,32,10,31,10,Nm,Custom,SS,1.46
446,Sturnieks,2008,HEALTHY,,NO,OWN,42,40,37.6,7.5,1.74,0.08,75.3,12,NA,NA,NA,NA,25.5,9.5,25.2,9.5,Nm,Custom,SS,1.5
447,Kemp,2008,MED_KOA,,FOOTWEAR,BF,40,60,64.7,9.4,1.64,0.08,79.1,12,29.6,4.2,3.49,0.84,NA,NA,NA,NA,%BW*H,PiG,C,1
447,Kemp,2008,MED_KOA,,FOOTWEAR,OWN,40,60,64.7,9.4,1.64,0.08,79.1,12,29.6,4.2,3.77,0.9,NA,NA,NA,NA,%BW*H,PiG,C,1.01
452,Maly,2008,MED_KOA,,NO,BF,53,60,68.5,8.6,1.697,0.1,82.2,15,28.3,4.7,0.46,0.17,NA,NA,NA,NA,Nm/kg,Custom,SS,NA
453,Lynn,2008,MED_KOA,,NO,NA,12,50,67.4,10,1.73,0.11,81.3,11.8,27.3,3.8,NA,NA,0.45,0.15,0.4,0.14,Nm/kg,Visual3D,SS,1.04
453,Lynn,2008,HEALTHY,,NO,NA,12,50,68.7,8.4,1.71,0.08,67.8,8.6,23.2,2.8,NA,NA,0.37,0.11,0.27,0.12,Nm/kg,Visual3D,SS,1.11
454,Hinman,2008,MED_KOA,,NO,OWN,40,64.7,60,9.4,1.64,0.09,79,12,29.6,4.2,NA,NA,4.04,1.05,2.89,0.83,%BW*H,PiG,SS,1.13
456,Hunt,2008,MED_KOA,,NO,BF,120,60,45.5,0.8,1.71,0.1,86.4,19.7,29.4,5.8,NA,NA,2.91,0.92,2.59,0.86,%BW*H,OrthoTrak,SS,1.06
460,Jenkyn,2007,MED_KOA,,NO,BF,180,22,48.1,NA,NA,NA,NA,27.8,NA,NA,NA,NA,3.5,2.35,5.12,2.1,%BW*H,Custom,SS,NA
461,Singer,2007,HEALTHY,,NO,OWN,10,0,25.4,1.9,NA,NA,NA,NA,NA,NA,0.37,0.15,NA,NA,NA,NA,Nm/kg,Visual3D,SS,1.46
462,Thorp,2007,KOA,KL2,NO,OWN,52,73,56.2,10.4,NA,NA,NA,NA,29.1,3.9,2.7,0.71,NA,NA,NA,NA,%BW*H,CFTC,SS,1.2
462,Thorp,2007,KOA,KL2_ASY,NO,OWN,19,79,55.4,5.9,NA,NA,NA,NA,27.2,4.9,2.2,0.72,NA,NA,NA,NA,%BW*H,CFTC,SS,1.31
462,Thorp,2007,KOA,KL1,NO,OWN,37,73,53.6,6.1,NA,NA,NA,NA,26.7,3.9,2.2,0.57,NA,NA,NA,NA,%BW*H,CFTC,SS,1.32
463,Lynn,2007,HEALTHY,,NO,BF,11,45,22.9,1.8,1.767,0.115,72.4,14.4,NA,NA,NA,NA,0.31,0.16,0.25,0.16,Nm/kg,NA,SS,1.1
464,Newell,2007,HEALTHY,,NO,NA,44,NA,51.9,9.7,1.7,0.09,74.53,12.5,25.87,3.7,0.517,0.08,0.489,0.13,0.317,0.11,Nm/kg,NA,SS,1.32
464,Newell,2007,KOA,,NO,NA,44,NA,57.1,10.5,1.74,0.1,92.45,16.5,30.39,4.6,0.56,0.14,0.516,0.11,0.368,0.13,Nm/kg,NA,SS,1.28
465,Mundermann,2007,HEALTHY,,NO,OWN,19,37,22.8,3.1,1.748,0.097,70.5,16.3,NA,NA,NA,NA,2,0.7,NA,NA,%BW*H,Custom,SS,1.48
466,Birmingham,2007,MED_KOA,,NO,BF,31,32,44,11,1.74,0.09,87.22,20.02,29.02,6.98,2.5,0.96,NA,NA,NA,NA,%BW*H,OrthoTrak,SS,NA
467,Butler,2007,MED_KOA,,NO,ATHLETIC,20,55,63,6,NA,NA,NA,NA,33.4,7.8,NA,NA,0.379,0.128,0.245,0.078,Nm/kg*m,Visual3D,SS,NA
468,Thorstensson,2007,KOA,,NO,NA,13,54,54.5,5.5,NA,NA,NA,NA,26.6,4.12,0.52,0.12,NA,NA,NA,NA,Nm/kg,PiG,SS,1.35
470,Koo,2007,KOA,,NO,NA,11,0,30.5,5.1,NA,NA,NA,NA,23.7,1.7,3.0029,0.5775,NA,NA,NA,NA,%BW*H,Custom,SS,NA
473,Chang,2007,MED_KOA,,NO,NA,56,59,66.6,8.6,NA,NA,NA,NA,29,4.2,2.92,0.86,2.91,0.85,2.06,0.84,%BW*H,NA,NA,NA
474,Fisher,2007,HEALTHY,,NO,CASUAL,14,36,31.6,13.7,1.69,0.065,67,10.5,NA,NA,2.36,0.27,NA,NA,NA,NA,%BW*H,Custom,SS,NA
475,Guo,2006,MED_KOA,,NO,OWN,10,40,64,8,1.68,0.08,81.8,12.7,29,5.6,NA,NA,2.81,0.49,2.27,0.63,%BW*H,Visual3D,SS,1.28
476,Thorp,2006,MED_KOA,KL3,NO,OWN,23,NA,62.7,7.8,1.65,0.1,84.5,17.5,31.2,4,3.3,1,NA,NA,NA,NA,%BW*H,CFTC,SS,1.09
479,Shimada,2006,MED_KOA,,NO,NA,23,74,67,8.7,1.502,0.072,60.3,7.1,NA,NA,0.9,0.2,NA,NA,NA,NA,Nm/kg,BresFrank,SS,0.93
479,Shimada,2006,HEALTHY,,NO,NA,19,74,66.3,9.3,1.483,9,51.5,8.5,NA,NA,0.59,0.12,NA,NA,NA,NA,Nm/kg,BresFrank,SS,1.29
480,Speconga,2006,MED_KOA,,NO,NA,40,NA,44,9,1.733,0.091,85.4,19.1,28.6,6.9,2.8,0.8,NA,NA,NA,NA,%BW*H,OrthoTrak,SS,1.1
482,Maly,2006,MED_KOA,,NO,NA,54,59,68.3,8.7,1.697,10,82.2,15,NA,NA,0.46,0.17,NA,NA,NA,NA,Nm/kg,GroodSun,SS,NA
483,Shakoor,2006,MED_KOA,,FOOTWEAR,BF,75,79,59,10,1.7,0.1,78.9,14.4,28.4,4.1,2.59,0.75,NA,NA,NA,NA,%BW*H,NA,SS,1.16
483,Shakoor,2006,MED_KOA,,FOOTWEAR,OWN,75,79,59,10,1.7,0.1,78.9,14.4,28.4,4.1,2.94,0.77,NA,NA,NA,NA,%BW*H,NA,SS,1.17
487,Weidow,2006,HEALTHY,,NO,NA,15,100,69,NA,1.63,NA,70.5,NA,26.5,NA,0.11,NA,NA,NA,NA,NA,Nm/kg,QGait,SS,1.1
487,Weidow,2006,MED_KOA,,NO,NA,15,100,70,NA,1.64,NA,77.8,NA,29.6,NA,0.06,NA,NA,NA,NA,NA,Nm/kg,QGait,SS,0.9
487,Weidow,2006,LAT_KOA,,NO,NA,15,100,70,NA,1.66,NA,69,NA,27.4,NA,0.11,NA,NA,NA,NA,NA,Nm/kg,QGait,SS,0.8
489,Teichtahl,2006,HEALTHY,,NO,BF,32,100,54,12,1.65,0.06,68.05,11.81,25,4,NA,NA,4,1.07,2.13,0.63,%BW*H,NA,SS,NA
493,Hunt,2005,MED_KOA,,NO,BF,100,18,45.9,10.4,1.76,0.09,91.1,17.3,NA,NA,2.96,0.93,NA,NA,NA,NA,%BW*H,Custom,SS,1.08
497,Lewek,2004,MED_KOA,,NO,OWN,12,50,50.3,7.4,NA,NA,NA,NA,NA,NA,0.391,0.075,0.4132,NA,0.323,NA,Nmm/kg.m,Move3D,SS,1.4
497,Lewek,2004,HEALTHY,,NO,OWN,12,50,49.5,6.1,NA,NA,NA,NA,NA,NA,0.351,0.102,0.3768,0.1045,0.2343,0.0887,Nmm/kg.m,Move3D,SS,1.5
499,Amin,2004,HEALTHY,,NO,BF,66,77,75.2,6.5,NA,NA,NA,NA,25.6,3.6,3.05,1.25,NA,NA,NA,NA,%BW*H,Custom,SS,NA
499,Amin,2004,KNEE_PAIN,,NO,BF,7,71,76.3,10.1,NA,NA,NA,NA,28,3,3.55,1.56,NA,NA,NA,NA,%BW*H,Custom,SS,NA
500,Shrader,2004,MED_KOA,,NO,NA,19,NA,67.5,7.5,NA,NA,88.1,18.1,NA,NA,4.39,1.91,NA,NA,NA,NA,%BW*H,NA,SS,0.86
500,Shrader,2004,HEALTHY,,NO,NA,21,NA,61,7,NA,NA,70.9,9.6,NA,NA,5.9,4.56,NA,NA,NA,NA,%BW*H,NA,SS,1.02
501,Mundermann,2004,MED_KOA,,NO,OWN,44,55,65.4,10,1.693,0.098,78.4,13.1,27.39,4.07,3.27,0.88,NA,NA,NA,NA,%BW*H,Custom,SS,1.243
501,Mundermann,2004,HEALTHY,,NO,OWN,44,55,63.3,10.7,1.692,0.085,76.4,12.7,26.58,3.35,3.16,0.92,NA,NA,NA,NA,%BW*H,Custom,SS,1.24
508,Teichtahl,2003,HEALTHY,,NO,NA,9,66,39.4,9,NA,NA,NA,NA,24.7,4,4,1,NA,NA,NA,NA,%BW*H,PiG,NA,NA
509,Shakoor,2003,HOA,,NO,NA,50,42,62,8,1.7,0.1,86,14,NA,NA,2.7,0.9,NA,NA,NA,NA,%BW*H,Custom,C,0.98
512,Cole,2003,MED_KOA,,NO,BF,17,12,50,7,NA,NA,NA,NA,NA,NA,3.2563,1.0019,NA,NA,NA,NA,%BW*H,Andriacchi,SS,1.07
513,Moisio,2003,HEALTHY,,NO,NA,84,0,31,12,1.79,0.07,80.9,13.2,NA,NA,3,0.7,NA,NA,NA,NA,%BW*H,Andriacchi,C,1.18
513,Moisio,2003,HEALTHY,,NO,NA,74,100,36,15,1.66,0.07,64.8,12.3,NA,NA,2.9,0.7,NA,NA,NA,NA,%BW*H,Andriacchi,C,1.18
514,Maly,2002,MED_KOA,,NO,NA,12,25,60,9.39,NA,NA,99.17,15.89,32.42,5.03,0.58,0.13,NA,NA,NA,NA,Nm/kg,QGait,SS,0.93
515,Baliunas,2002,MED_KOA,,NO,NA,31,58,65,9,1.68,0.09,76,12,NA,NA,3.9,1,NA,NA,NA,NA,%BW*H,Andriacchi,SS,0.98
515,Baliunas,2002,HEALTHY,,NO,NA,31,58,62,9,1.68,0.12,74,16,NA,NA,3,1,NA,NA,NA,NA,%BW*H,Andriacchi,SS,0.98
517,Miyazaki,2002,MED_KOA,,NO,NA,106,81,69.9,7.8,NA,NA,NA,NA,24.5,3.2,5.3,1.8,NA,NA,NA,NA,%BW*H,BresFrank,SS,0.7
521,Wada,2001,MED_KOA,KL1_2,NO,NA,23,NA,70,NA,NA,NA,NA,NA,24.5,NA,3.5,NA,NA,NA,NA,NA,%BW*H,BresFrank,NA,NA
521,Wada,2001,MED_KOA,KL3_4,NO,NA,46,NA,74,NA,NA,NA,NA,NA,27.3,NA,5.3,NA,NA,NA,NA,NA,%BW*H,BresFrank,NA,NA
529,Wada,1998,MED_KOA,,NO,BF,25,NA,NA,NA,NA,NA,NA,NA,NA,NA,5.7,1.4,NA,NA,NA,NA,%BW*H,Custom,SS,0.64
529,Wada,1998,MED_KOA,,NO,BF,7,NA,NA,NA,NA,NA,NA,NA,NA,NA,4,0.5,NA,NA,NA,NA,%BW*H,Custom,SS,0.69
530,Hurwitz,1998,HEALTHY,,NO,NA,26,30.7,32,12,1.77,0.11,75.2,13.9,NA,NA,3.2,0.8,NA,NA,NA,NA,%BW*H,Andriacchi,SS,1.3
531,Sharma,1998,MED_KOA,,NO,NA,54,42.6,62.4,10.1,NA,NA,NA,NA,29.2,3.4,3.3,1.1,NA,NA,NA,NA,%BW*H,Andriacchi,SS,1
532,Lindenfeld,1997,MED_KOA,,NO,NA,11,27,47.5,14,1.75,0.07,87.1,12.4,NA,NA,4,0.8,NA,NA,NA,NA,%BW*H,NA,SS,1
532,Lindenfeld,1997,HEALTHY,,NO,NA,11,NA,NA,NA,NA,NA,NA,NA,NA,NA,3.5,0.6,NA,NA,NA,NA,%BW*H,NA,SS,1
533,Hurwitz,1997,HOA,,NO,NA,19,36.8,60,8,1.7,0.1,79.2,11.2,NA,NA,2.6,1.1,NA,NA,NA,NA,%BW*H,NA,SS,1.04
533,Hurwitz,1997,HEALTHY,,NO,NA,19,36.8,61,8,1.73,0.1,72.4,15.4,NA,NA,3.7,0.8,NA,NA,NA,NA,%BW*H,NA,SS,1.03
535,Chou,1997,HEALTHY,,NO,OWN,14,50,23,NA,1.71,NA,70.7,NA,NA,NA,NA,NA,5.6,1.6,4.8,1.3,%BW*H,Custom,SS,NA
537,Chassin,1996,TKA,MONTH_19,NO,NA,10,30,70,NA,NA,NA,NA,NA,NA,NA,4.016,0.9,NA,NA,NA,NA,%BW*H,NA,SS,1
537,Chassin,1996,HEALTHY,,NO,NA,28,NA,NA,NA,NA,NA,NA,NA,NA,NA,3.7,0.79,NA,NA,NA,NA,%BW*H,NA,NA,NA
539,Andrews,1996,HEALTHY,,NO,NA,11,54.5,NA,NA,1.7,NA,67.4,NA,NA,NA,3.5,0.6,NA,NA,NA,NA,%BW*H,CFTC,SS,1.05
540,Weidenhielm,1995,MED_KOA,,NO,NA,17,29.4,63,NA,1.72,0.08,81,11,NA,NA,67,46,NA,NA,NA,NA,Nm,NA,SS,1.14
540,Weidenhielm,1995,HEALTHY,,NO,NA,10,60,62,NA,1.71,NA,69,NA,NA,NA,64,25,NA,NA,NA,NA,Nm,NA,SS,1.47
543,Weidenhielm,1992,MED_KOA,,NO,OWN,54,NA,63,4.7,1.7,0.082,80,12.9,NA,NA,63.9,32.2,NA,NA,NA,NA,Nm,NA,SS,1.12
544,Schnitzer,1993,KOA,,NO,NA,18,55.6,61.5,8.4,1.7,0.1,81.5,14.6,NA,NA,4.11,1.2,NA,NA,NA,NA,%BW*H,Andriacchi,SS,0.98
546,Noyes,1992,ACL_TEAR,,NO,NA,32,37.5,27,NA,NA,NA,NA,NA,NA,NA,3.7,1.04,NA,NA,NA,NA,%BW*H,NA,SS,1.1
546,Noyes,1992,HEALTHY,,NO,NA,16,43.8,26,NA,NA,NA,NA,NA,NA,NA,2.75,0.55,NA,NA,NA,NA,%BW*H,NA,SS,1.1
551,Brugioni,1990,TKA,,NO,NA,14,57,62.1,9.2,NA,NA,NA,NA,NA,NA,3.36,1.02,NA,NA,NA,NA,%BW*H,Custom,SS,1
551,Brugioni,1990,HEALTHY,,NO,NA,15,60,NA,NA,NA,NA,NA,NA,NA,NA,3.23,1.02,NA,NA,NA,NA,%BW*H,Custom,SS,0.98
552,Whittle,1989,TKA,,NO,NA,13,85,67.3,7,NA,NA,NA,NA,NA,NA,26.6,9.9,NA,NA,NA,NA,Nm,Custom,SS,1.04
552,Whittle,1989,KNEE_PAIN,,NO,NA,10,70,63.9,7.2,NA,NA,NA,NA,NA,NA,23.2,24.4,NA,NA,NA,NA,Nm,Custom,SS,0.63
555,Weinstein,1986,TKA,,NO,NA,13,38,73.25,5.8,NA,NA,NA,NA,NA,NA,4.0423,1.6333,NA,NA,NA,NA,%BW*H,Custom,SS,0.96
556,Prodromos,1985,KNEE_PAIN,,NO,NA,25,NA,NA,NA,NA,NA,NA,NA,NA,NA,4.1,NA,NA,NA,NA,NA,%BW*H,Custom,SS,NA
